best_model,recall,f1,pr_auc,roc_auc
Logistic Regression,0.9183673469387755,0.5521472392638037,0.6403898353499254,0.8521421813758616
