model,threshold,recall,precision,f1,pr_auc,roc_auc,accuracy
Logistic Regression,0.5,0.9183673469387755,0.39473684210526316,0.5521472392638037,0.6403898353499254,0.8521421813758616,0.635
Random Forest,0.55,0.7755102040816326,0.6785714285714286,0.7238095238095238,0.6183939716200412,0.8602513853223408,0.855
XGBoost,0.75,0.3673469387755102,0.5806451612903226,0.45,0.5749473940284024,0.8466008920124342,0.78
