claim_to_premium_ratio,vehicle_claim_pct,injury_claim_pct,property_claim_pct,policy_age_at_incident_days,is_new_customer,vehicle_age_at_incident,incident_severity_ordinal,is_major_damage,months_as_customer,age,policy_deductable,policy_annual_premium,umbrella_limit,capital-gains,capital-loss,incident_hour_of_the_day,number_of_vehicles_involved,bodily_injuries,witnesses,total_claim_amount,injury_claim,property_claim,vehicle_claim,auto_year,policy_state_IL,policy_state_IN,policy_state_OH,policy_csl_100/300,policy_csl_250/500,policy_csl_500/1000,insured_sex_FEMALE,insured_sex_MALE,insured_education_level_Associate,insured_education_level_College,insured_education_level_High School,insured_education_level_JD,insured_education_level_MD,insured_education_level_Masters,insured_education_level_PhD,insured_relationship_husband,insured_relationship_not-in-family,insured_relationship_other-relative,insured_relationship_own-child,insured_relationship_unmarried,insured_relationship_wife,incident_type_Multi-vehicle Collision,incident_type_Parked Car,incident_type_Single Vehicle Collision,incident_type_Vehicle Theft,collision_type_Front Collision,collision_type_Rear Collision,collision_type_Side Collision,authorities_contacted_Ambulance,authorities_contacted_Fire,authorities_contacted_None,authorities_contacted_Other,authorities_contacted_Police,incident_state_NC,incident_state_NY,incident_state_OH,incident_state_PA,incident_state_SC,incident_state_VA,incident_state_WV,property_damage_NO,property_damage_YES,police_report_available_NO,police_report_available_YES
0.26892100243003775,1.292357487624741,-0.7852119690181002,-0.7963211283210021,0.84475813220397,4.8210397470280455,0.8444028858051061,1.2961894324942331,-0.6139513960366512,-1.7770107948062455,-0.6607236235677793,1.3785517243298042,0.5523558515752122,-0.47764069333284487,1.3250481288873623,0.948608383392306,1.6567851406519891,-0.8217921024602357,-1.202224904337887,1.367145796955693,0.6367038140246444,-0.0876881843823992,-0.07861264674876857,0.93506039282245,-0.8444028858051242,-0.7037947874229662,-0.6800903262946482,1.3553152521181606,-0.7217427156047488,1.3405979252567854,-0.6546536707079772,-1.0672569667868559,1.0672569667868559,2.3804761428476167,-0.3648896763690086,-0.4404881959216032,-0.45457287727508316,-0.39081677569083867,-0.41181384541422816,-0.37145670723316654,2.249579085208177,-0.45457287727508316,-0.4724844867443451,-0.46852128566581813,-0.41388775612546336,-0.42828956637154025,-0.8466039200386997,-0.3263444370031949,1.244094329477047,-0.3216337604513384,-0.5850486126764433,-0.9607689228305227,1.6654083300081026,-0.4882520792370033,-0.5252780838667739,-0.3379439718854365,2.031798495964875,-0.6449257349027273,-0.3648896763690086,1.7036546083024704,-0.15171652122725207,-0.1904453466268301,-0.5658020972047736,-0.34931309071321465,-0.5272146351966106,-1.5646967316604727,1.5646967316604727,0.6820567903052247,-0.6820567903052247
-0.4490412799715215,0.9255636126919463,-0.5634952752427469,-0.5691427123775156,-0.705074891169794,-0.20742413513940744,0.16955542462220421,-0.7653444561645869,-0.6139513960366512,0.36764419981832036,-0.0017846264505258322,-0.2349689478923514,0.6535699096273849,-0.47764069333284487,-0.887077899282369,-0.3615512619704891,0.6422420255452489,-0.8217921024602357,-1.202224904337887,1.367145796955693,-0.2585003735313395,-0.4760089317122685,-0.47144570487261656,-0.12105488134971,-0.16955542462222248,-0.7037947874229662,1.4703929189058207,-0.7378357164040952,-0.7217427156047488,1.3405979252567854,-0.6546536707079772,0.9369814684936247,-0.9369814684936247,-0.42008402520840293,-0.3648896763690086,-0.4404881959216032,2.199867281995475,-0.39081677569083867,-0.41181384541422816,-0.37145670723316654,-0.4445276036638913,-0.45457287727508316,2.1164716050054913,-0.46852128566581813,-0.41388775612546336,-0.42828956637154025,-0.8466039200386997,-0.3263444370031949,1.244094329477047,-0.3216337604513384,-0.5850486126764433,1.0408329997330663,-0.6004533434723092,2.048122358357819,-0.5252780838667739,-0.3379439718854365,-0.49217479094801325,-0.6449257349027273,-0.3648896763690086,-0.5869734364739604,-0.15171652122725207,-0.1904453466268301,-0.5658020972047736,-0.34931309071321465,1.8967606990406793,-1.5646967316604727,1.5646967316604727,0.6820567903052247,-0.6820567903052247
0.3363069986155282,0.4670712690259533,-0.2863494080235549,-0.285169692448157,1.5629734357186411,-0.20742413513940744,1.5192503469880079,-0.7653444561645869,-0.6139513960366512,-0.6127695120100526,-0.3312541250091525,-0.2349689478923514,0.990246365307683,-0.47764069333284487,-0.377421412400127,-0.6443452837837701,0.7871767562747832,1.1406965004298797,1.2143075666930414,-1.3490379056052866,0.9250024375975872,0.46041037044257255,0.4758548467489544,1.0583947575196895,-1.519250346988026,-0.7037947874229662,-0.6800903262946482,1.3553152521181606,-0.7217427156047488,1.3405979252567854,-0.6546536707079772,-1.0672569667868559,1.0672569667868559,-0.42008402520840293,-0.3648896763690086,-0.4404881959216032,-0.45457287727508316,-0.39081677569083867,-0.41181384541422816,2.6921037647929493,2.249579085208177,-0.45457287727508316,-0.4724844867443451,-0.46852128566581813,-0.41388775612546336,-0.42828956637154025,1.1811899004132755,-0.3263444370031949,-0.803797570896693,-0.3216337604513384,-0.5850486126764433,-0.9607689228305227,1.6654083300081026,2.048122358357819,-0.5252780838667739,-0.3379439718854365,-0.49217479094801325,-0.6449257349027273,-0.3648896763690086,-0.5869734364739604,-0.15171652122725207,-0.1904453466268301,-0.5658020972047736,-0.34931309071321465,1.8967606990406793,0.639101481945827,-0.6391014819458268,-1.4661535728608373,1.4661535728608373
-1.6460810842738764,-1.408579227789472,0.8474291396913209,0.8765381163537641,0.7206084280360573,-0.20742413513940744,0.8444028858051061,-0.7653444561645869,-0.6139513960366512,1.6806982781598914,1.9750323649012345,-1.0417292840034291,0.3871430476135658,-0.47764069333284487,-0.887077899282369,-0.8197491707312481,-1.2419094739386969,-0.8217921024602357,0.006041331177577327,1.367145796955693,-1.8308367128637735,-1.3942256988360218,-1.4003322068946322,-1.8549909497403123,-0.8444028858051242,1.4208687217784413,-0.6800903262946482,-0.7378357164040952,-0.7217427156047488,-0.7459358105514408,1.5275252316519468,-1.0672569667868559,1.0672569667868559,-0.42008402520840293,-0.3648896763690086,2.2702083943651856,-0.45457287727508316,-0.39081677569083867,-0.41181384541422816,-0.37145670723316654,-0.4445276036638913,-0.45457287727508316,-0.4724844867443451,-0.46852128566581813,-0.41388775612546336,2.3348689263480744,-0.8466039200386997,3.064247116276752,-0.803797570896693,-0.3216337604513384,-0.5850486126764433,1.0408329997330663,-0.6004533434723092,-0.4882520792370033,-0.5252780838667739,2.9590703879724805,-0.49217479094801325,-0.6449257349027273,-0.3648896763690086,1.7036546083024704,-0.15171652122725207,-0.1904453466268301,-0.5658020972047736,-0.34931309071321465,-0.5272146351966106,-1.5646967316604727,1.5646967316604727,0.6820567903052247,-0.6820567903052247
-0.11998040925456145,0.09194116966286865,-0.9666165366524804,0.8765381163537641,0.820298787502232,-0.20742413513940744,1.0131147511008316,-0.7653444561645869,-0.6139513960366512,0.43767375066320413,0.21786170592189197,-1.0417292840034291,1.337396095706671,1.7387894381420732,0.6382769763510079,-0.76963377446054,-0.5172358202910254,-0.8217921024602357,1.2143075666930414,0.46175122943536656,0.4175229373852148,-0.32432113978653826,0.8625498883396173,0.45001431989549134,-1.0131147511008496,1.4208687217784413,-0.6800903262946482,-0.7378357164040952,-0.7217427156047488,1.3405979252567854,-0.6546536707079772,0.9369814684936247,-0.9369814684936247,-0.42008402520840293,-0.3648896763690086,-0.4404881959216032,-0.45457287727508316,-0.39081677569083867,-0.41181384541422816,2.6921037647929493,-0.4445276036638913,-0.45457287727508316,-0.4724844867443451,2.1343747458109497,-0.41388775612546336,-0.42828956637154025,-0.8466039200386997,-0.3263444370031949,1.244094329477047,-0.3216337604513384,1.7092596723292166,-0.9607689228305227,-0.6004533434723092,-0.4882520792370033,-0.5252780838667739,-0.3379439718854365,-0.49217479094801325,1.5505661285959187,-0.3648896763690086,1.7036546083024704,-0.15171652122725207,-0.1904453466268301,-0.5658020972047736,-0.34931309071321465,-0.5272146351966106,-1.5646967316604727,1.5646967316604727,0.6820567903052247,-0.6820567903052247
0.6859762333751006,-0.35821494957283445,1.2102382749600813,-0.7963211283210021,-0.4819760197993957,-0.20742413513940744,0.3382672899179297,-0.7653444561645869,-0.6139513960366512,0.4201663629519832,0.7669775368529365,-0.2349689478923514,-0.06697483248146237,-0.47764069333284487,-0.887077899282369,-0.08233691131940162,0.7871767562747832,-0.8217921024602357,-1.202224904337887,0.46175122943536656,0.8399913050055655,1.5384049450614283,0.033917656359625396,0.7749330033625886,-0.3382672899179479,-0.7037947874229662,1.4703929189058207,-0.7378357164040952,1.385535286160941,-0.7459358105514408,-0.6546536707079772,-1.0672569667868559,1.0672569667868559,-0.42008402520840293,-0.3648896763690086,-0.4404881959216032,-0.45457287727508316,-0.39081677569083867,2.428281640201139,-0.37145670723316654,-0.4445276036638913,-0.45457287727508316,-0.4724844867443451,-0.46852128566581813,-0.41388775612546336,2.3348689263480744,-0.8466039200386997,-0.3263444370031949,1.244094329477047,-0.3216337604513384,1.7092596723292166,-0.9607689228305227,-0.6004533434723092,-0.4882520792370033,1.9037535178292901,-0.3379439718854365,-0.49217479094801325,-0.6449257349027273,-0.3648896763690086,-0.5869734364739604,-0.15171652122725207,-0.1904453466268301,-0.5658020972047736,2.862761306649679,-0.5272146351966106,-1.5646967316604727,1.5646967316604727,-1.4661535728608373,1.4661535728608373
-1.4514731201769007,0.09194116966286865,0.8474291396913209,-0.9821943777293095,1.5392552832805921,-0.20742413513940744,0.0008435593264787592,-0.7653444561645869,-0.6139513960366512,0.46393483223003557,0.4375080382943098,1.3785517243298042,0.2645270803536316,-0.47764069333284487,-0.887077899282369,-0.09665559596817534,-1.0969747432091628,-0.8217921024602357,0.006041331177577327,1.367145796955693,-1.595023223325905,-1.1596152473242258,-1.330768019518534,-1.6021036809493339,-0.0008435593264970404,-0.7037947874229662,1.4703929189058207,-0.7378357164040952,1.385535286160941,-0.7459358105514408,-0.6546536707079772,-1.0672569667868559,1.0672569667868559,-0.42008402520840293,-0.3648896763690086,2.2702083943651856,-0.45457287727508316,-0.39081677569083867,-0.41181384541422816,-0.37145670723316654,-0.4445276036638913,-0.45457287727508316,-0.4724844867443451,2.1343747458109497,-0.41388775612546336,-0.42828956637154025,-0.8466039200386997,3.064247116276752,-0.803797570896693,-0.3216337604513384,-0.5850486126764433,1.0408329997330663,-0.6004533434723092,-0.4882520792370033,-0.5252780838667739,-0.3379439718854365,-0.49217479094801325,1.5505661285959187,-0.3648896763690086,-0.5869734364739604,-0.15171652122725207,5.250850271282601,-0.5658020972047736,-0.34931309071321465,-0.5272146351966106,-1.5646967316604727,1.5646967316604727,-1.4661535728608373,1.4661535728608373
0.33004647812693994,-0.35821494957283445,-0.7852119690181002,1.248284615170379,-0.45195773311998994,-0.20742413513940744,-0.1678683059692467,-0.7653444561645869,-0.6139513960366512,2.2496883787745716,2.41432502964607,1.3785517243298042,0.5983885847261389,-0.47764069333284487,-0.887077899282369,0.948608383392306,-0.22736635883195688,1.1406965004298797,1.2143075666930414,-0.44364333808496004,0.7364994914152784,-0.033080579289136325,1.4517994755253893,0.6733635265530973,0.1678683059692284,-0.7037947874229662,-0.6800903262946482,1.3553152521181606,1.385535286160941,-0.7459358105514408,-0.6546536707079772,-1.0672569667868559,1.0672569667868559,-0.42008402520840293,-0.3648896763690086,-0.4404881959216032,2.199867281995475,-0.39081677569083867,-0.41181384541422816,-0.37145670723316654,2.249579085208177,-0.45457287727508316,-0.4724844867443451,-0.46852128566581813,-0.41388775612546336,-0.42828956637154025,1.1811899004132755,-0.3263444370031949,-0.803797570896693,-0.3216337604513384,-0.5850486126764433,1.0408329997330663,-0.6004533434723092,-0.4882520792370033,-0.5252780838667739,-0.3379439718854365,-0.49217479094801325,1.5505661285959187,-0.3648896763690086,1.7036546083024704,-0.15171652122725207,-0.1904453466268301,-0.5658020972047736,-0.34931309071321465,-0.5272146351966106,0.639101481945827,-0.6391014819458268,-1.4661535728608373,1.4661535728608373
-0.46108864731945987,0.09194116966286865,0.8474291396913209,-0.9821943777293095,1.1868183618964578,-0.20742413513940744,-0.6740039018564231,1.2961894324942331,-0.6139513960366512,2.380993786608729,2.41432502964607,-0.2349689478923514,1.2609370506259494,-0.47764069333284487,0.6599644864311033,-1.4927273492236128,-0.22736635883195688,-0.8217921024602357,0.006041331177577327,0.46175122943536656,-0.10289303952594345,0.3249026096555869,-0.5798839969588871,-0.08063437527246345,0.6740039018564047,-0.7037947874229662,1.4703929189058207,-0.7378357164040952,-0.7217427156047488,1.3405979252567854,-0.6546536707079772,0.9369814684936247,-0.9369814684936247,-0.42008402520840293,-0.3648896763690086,-0.4404881959216032,-0.45457287727508316,-0.39081677569083867,2.428281640201139,-0.37145670723316654,-0.4445276036638913,2.199867281995475,-0.4724844867443451,-0.46852128566581813,-0.41388775612546336,-0.42828956637154025,-0.8466039200386997,-0.3263444370031949,1.244094329477047,-0.3216337604513384,1.7092596723292166,-0.9607689228305227,-0.6004533434723092,-0.4882520792370033,1.9037535178292901,-0.3379439718854365,-0.49217479094801325,-0.6449257349027273,-0.3648896763690086,-0.5869734364739604,-0.15171652122725207,-0.1904453466268301,-0.5658020972047736,-0.34931309071321465,1.8967606990406793,0.639101481945827,-0.6391014819458268,-1.4661535728608373,1.4661535728608373
-0.1729036253009063,0.09194116966286865,-0.9666165366524804,0.8765381163537641,-0.8862963996417622,-0.20742413513940744,1.6879622122837334,1.2961894324942331,-0.6139513960366512,-1.4618778160042685,-0.8803699559401971,-1.0417292840034291,2.9450644631971463,-0.47764069333284487,-0.887077899282369,0.948608383392306,1.3669156791929205,1.1406965004298797,0.006041331177577327,-0.44364333808496004,0.8972814161001887,-0.08566568049005613,1.3454071889501804,0.9392060857534497,-1.6879622122837514,1.4208687217784413,-0.6800903262946482,-0.7378357164040952,-0.7217427156047488,-0.7459358105514408,1.5275252316519468,0.9369814684936247,-0.9369814684936247,-0.42008402520840293,-0.3648896763690086,-0.4404881959216032,-0.45457287727508316,2.5587437955607735,-0.41181384541422816,-0.37145670723316654,-0.4445276036638913,-0.45457287727508316,-0.4724844867443451,2.1343747458109497,-0.41388775612546336,-0.42828956637154025,1.1811899004132755,-0.3263444370031949,-0.803797570896693,-0.3216337604513384,-0.5850486126764433,-0.9607689228305227,1.6654083300081026,-0.4882520792370033,1.9037535178292901,-0.3379439718854365,-0.49217479094801325,-0.6449257349027273,-0.3648896763690086,-0.5869734364739604,-0.15171652122725207,-0.1904453466268301,-0.5658020972047736,-0.34931309071321465,1.8967606990406793,0.639101481945827,-0.6391014819458268,-1.4661535728608373,1.4661535728608373
-1.531455391058132,0.9255636126919463,-0.5634952752427469,-0.5691427123775156,0.5883056089675652,-0.20742413513940744,-1.686275093630776,-0.7653444561645869,-0.6139513960366512,-0.507725185742727,-0.8803699559401971,1.3785517243298042,-0.7264185726741509,-0.47764069333284487,1.3322772989140608,-1.1097025348689158,-1.2419094739386969,-0.8217921024602357,1.2143075666930414,-1.3490379056052866,-1.7354763989127233,-1.3740006599125911,-1.3798721517840151,-1.7316565850430727,1.6862750936307573,-0.7037947874229662,-0.6800903262946482,1.3553152521181606,-0.7217427156047488,1.3405979252567854,-0.6546536707079772,0.9369814684936247,-0.9369814684936247,-0.42008402520840293,-0.3648896763690086,-0.4404881959216032,-0.45457287727508316,-0.39081677569083867,-0.41181384541422816,2.6921037647929493,-0.4445276036638913,2.199867281995475,-0.4724844867443451,-0.46852128566581813,-0.41388775612546336,-0.42828956637154025,-0.8466039200386997,-0.3263444370031949,-0.803797570896693,3.1091263510296048,-0.5850486126764433,1.0408329997330663,-0.6004533434723092,-0.4882520792370033,-0.5252780838667739,2.9590703879724805,-0.49217479094801325,-0.6449257349027273,-0.3648896763690086,-0.5869734364739604,-0.15171652122725207,-0.1904453466268301,1.7674024273509938,-0.34931309071321465,-0.5272146351966106,-1.5646967316604727,1.5646967316604727,0.6820567903052247,-0.6820567903052247
-0.2605074450273451,1.292357487624741,-0.7852119690181002,-0.7963211283210021,-1.177214363139707,-0.20742413513940744,-0.5052920365606977,1.2961894324942331,-0.6139513960366512,-0.34140500248612793,-0.3312541250091525,1.3785517243298042,-0.04275797196591202,-0.47764069333284487,-0.887077899282369,-0.4725210679984854,1.2219809484633861,1.1406965004298797,1.2143075666930414,0.46175122943536656,-0.2392804652931433,-0.5670216068677065,-0.5635159528703935,-0.047468831824466276,0.5052920365606793,1.4208687217784413,-0.6800903262946482,-0.7378357164040952,-0.7217427156047488,1.3405979252567854,-0.6546536707079772,-1.0672569667868559,1.0672569667868559,-0.42008402520840293,-0.3648896763690086,-0.4404881959216032,-0.45457287727508316,-0.39081677569083867,2.428281640201139,-0.37145670723316654,2.249579085208177,-0.45457287727508316,-0.4724844867443451,-0.46852128566581813,-0.41388775612546336,-0.42828956637154025,1.1811899004132755,-0.3263444370031949,-0.803797570896693,-0.3216337604513384,-0.5850486126764433,-0.9607689228305227,1.6654083300081026,-0.4882520792370033,1.9037535178292901,-0.3379439718854365,-0.49217479094801325,-0.6449257349027273,-0.3648896763690086,1.7036546083024704,-0.15171652122725207,-0.1904453466268301,-0.5658020972047736,-0.34931309071321465,-0.5272146351966106,0.639101481945827,-0.6391014819458268,0.6820567903052247,-0.6820567903052247
1.3919715402833168,0.4670712690259533,-1.1177870096811306,0.5667493673399182,-0.5375654395760731,-0.20742413513940744,0.0008435593264787592,-0.7653444561645869,-0.6139513960366512,2.1183829709404147,2.41432502964607,-0.2349689478923514,-0.9143579688119295,-0.47764069333284487,-0.887077899282369,0.38660001092793767,-1.5317789353977656,1.1406965004298797,1.2143075666930414,-0.44364333808496004,1.0610202497448216,-0.12813826222926059,1.2594749574855888,1.2014211636391774,-0.0008435593264970404,-0.7037947874229662,1.4703929189058207,-0.7378357164040952,-0.7217427156047488,-0.7459358105514408,1.5275252316519468,0.9369814684936247,-0.9369814684936247,-0.42008402520840293,-0.3648896763690086,2.2702083943651856,-0.45457287727508316,-0.39081677569083867,-0.41181384541422816,-0.37145670723316654,-0.4445276036638913,-0.45457287727508316,-0.4724844867443451,-0.46852128566581813,-0.41388775612546336,2.3348689263480744,1.1811899004132755,-0.3263444370031949,-0.803797570896693,-0.3216337604513384,-0.5850486126764433,1.0408329997330663,-0.6004533434723092,-0.4882520792370033,-0.5252780838667739,-0.3379439718854365,-0.49217479094801325,1.5505661285959187,2.7405543778353203,-0.5869734364739604,-0.15171652122725207,-0.1904453466268301,-0.5658020972047736,-0.34931309071321465,-0.5272146351966106,0.639101481945827,-0.6391014819458268,0.6820567903052247,-0.6820567903052247
-1.5421528620944704,0.09194116966286865,-0.9666165366524804,0.8765381163537641,0.33185308573116046,-0.20742413513940744,-0.5052920365606977,-1.7961114004939969,-0.6139513960366512,0.36764419981832036,0.6571543706667275,-1.0417292840034291,1.3916253047243996,-0.47764069333284487,-0.887077899282369,0.948608383392306,0.207437833356646,-0.8217921024602357,-1.202224904337887,1.367145796955693,-1.6600752204397997,-1.3578206287738466,-1.2284677439654486,-1.6684347678453282,0.5052920365606793,-0.7037947874229662,1.4703929189058207,-0.7378357164040952,-0.7217427156047488,1.3405979252567854,-0.6546536707079772,-1.0672569667868559,1.0672569667868559,2.3804761428476167,-0.3648896763690086,-0.4404881959216032,-0.45457287727508316,-0.39081677569083867,-0.41181384541422816,-0.37145670723316654,-0.4445276036638913,-0.45457287727508316,-0.4724844867443451,2.1343747458109497,-0.41388775612546336,-0.42828956637154025,-0.8466039200386997,3.064247116276752,-0.803797570896693,-0.3216337604513384,-0.5850486126764433,1.0408329997330663,-0.6004533434723092,-0.4882520792370033,-0.5252780838667739,2.9590703879724805,-0.49217479094801325,-0.6449257349027273,-0.3648896763690086,-0.5869734364739604,-0.15171652122725207,-0.1904453466268301,1.7674024273509938,-0.34931309071321465,-0.5272146351966106,0.639101481945827,-0.6391014819458268,-1.4661535728608373,1.4661535728608373
-1.5276178045707423,-0.4851820601264935,0.2892612392778437,0.3046204258666646,0.38447773645308164,-0.20742413513940744,1.0131147511008316,-1.7961114004939969,-0.6139513960366512,1.6631908904486703,1.9750323649012345,-1.0417292840034291,0.5919721515980871,-0.47764069333284487,0.9744333825924867,0.948608383392306,-0.37230108956149116,-0.8217921024602357,0.006041331177577327,-1.3490379056052866,-1.6737509243785162,-1.2769204730801238,-1.281663887253053,-1.694863560280451,-1.0131147511008496,1.4208687217784413,-0.6800903262946482,-0.7378357164040952,-0.7217427156047488,1.3405979252567854,-0.6546536707079772,0.9369814684936247,-0.9369814684936247,-0.42008402520840293,-0.3648896763690086,2.2702083943651856,-0.45457287727508316,-0.39081677569083867,-0.41181384541422816,-0.37145670723316654,-0.4445276036638913,-0.45457287727508316,-0.4724844867443451,2.1343747458109497,-0.41388775612546336,-0.42828956637154025,-0.8466039200386997,-0.3263444370031949,-0.803797570896693,3.1091263510296048,-0.5850486126764433,1.0408329997330663,-0.6004533434723092,-0.4882520792370033,-0.5252780838667739,-0.3379439718854365,-0.49217479094801325,1.5505661285959187,2.7405543778353203,-0.5869734364739604,-0.15171652122725207,-0.1904453466268301,-0.5658020972047736,-0.34931309071321465,-0.5272146351966106,0.639101481945827,-0.6391014819458268,0.6820567903052247,-0.6820567903052247
1.4390444874510615,0.09194116966286865,-0.9666165366524804,0.8765381163537641,0.6357419138436632,-0.20742413513940744,-1.348851363039325,0.26542248816482317,1.6287934296680107,0.7002845663315184,0.9866238692253543,1.3785517243298042,-2.021171985229501,-0.47764069333284487,-0.887077899282369,-0.6336062702971897,0.6422420255452489,0.15945219898482196,1.2143075666930414,1.367145796955693,0.32401069153399104,-0.3708387293104289,0.7684336348307786,0.35466338248249946,1.3488513630393064,-0.7037947874229662,1.4703929189058207,-0.7378357164040952,-0.7217427156047488,-0.7459358105514408,1.5275252316519468,-1.0672569667868559,1.0672569667868559,-0.42008402520840293,-0.3648896763690086,-0.4404881959216032,-0.45457287727508316,-0.39081677569083867,2.428281640201139,-0.37145670723316654,-0.4445276036638913,2.199867281995475,-0.4724844867443451,-0.46852128566581813,-0.41388775612546336,-0.42828956637154025,1.1811899004132755,-0.3263444370031949,-0.803797570896693,-0.3216337604513384,-0.5850486126764433,-0.9607689228305227,1.6654083300081026,2.048122358357819,-0.5252780838667739,-0.3379439718854365,-0.49217479094801325,-0.6449257349027273,-0.3648896763690086,1.7036546083024704,-0.15171652122725207,-0.1904453466268301,-0.5658020972047736,-0.34931309071321465,-0.5272146351966106,0.639101481945827,-0.6391014819458268,0.6820567903052247,-0.6820567903052247
0.3812087483938558,0.09194116966286865,0.8474291396913209,-0.9821943777293095,0.9314776270555866,-0.20742413513940744,-1.1801394977435995,0.26542248816482317,1.6287934296680107,-0.2538680639300232,-0.0017846264505258322,-1.0417292840034291,0.4187698534834469,1.7387894381420732,-0.887077899282369,-0.6121282433240292,-0.37230108956149116,1.1406965004298797,1.2143075666930414,0.46175122943536656,0.7183884240369781,1.1419941821621868,-0.16659088372442202,0.7567955967894652,1.180139497743581,-0.7037947874229662,1.4703929189058207,-0.7378357164040952,-0.7217427156047488,-0.7459358105514408,1.5275252316519468,-1.0672569667868559,1.0672569667868559,-0.42008402520840293,-0.3648896763690086,-0.4404881959216032,-0.45457287727508316,-0.39081677569083867,-0.41181384541422816,2.6921037647929493,2.249579085208177,-0.45457287727508316,-0.4724844867443451,-0.46852128566581813,-0.41388775612546336,-0.42828956637154025,1.1811899004132755,-0.3263444370031949,-0.803797570896693,-0.3216337604513384,1.7092596723292166,-0.9607689228305227,-0.6004533434723092,-0.4882520792370033,-0.5252780838667739,-0.3379439718854365,2.031798495964875,-0.6449257349027273,-0.3648896763690086,-0.5869734364739604,-0.15171652122725207,-0.1904453466268301,1.7674024273509938,-0.34931309071321465,-0.5272146351966106,-1.5646967316604727,1.5646967316604727,-1.4661535728608373,1.4661535728608373
-1.6076404906230002,-2.008787386770408,-0.7852119690181002,3.2928903586617597,1.4080642526076337,-0.20742413513940744,-1.686275093630776,-0.7653444561645869,-0.6139513960366512,-1.2255280819027856,-0.990193122126406,1.3785517243298042,1.7502832184111206,-0.47764069333284487,-0.887077899282369,-0.8806035804885364,0.6422420255452489,-0.8217921024602357,1.2143075666930414,-0.44364333808496004,-1.747304034751613,-1.3922031949436788,-1.197777661299523,-1.7896962860770678,1.6862750936307573,1.4208687217784413,-0.6800903262946482,-0.7378357164040952,-0.7217427156047488,1.3405979252567854,-0.6546536707079772,-1.0672569667868559,1.0672569667868559,-0.42008402520840293,-0.3648896763690086,-0.4404881959216032,2.199867281995475,-0.39081677569083867,-0.41181384541422816,-0.37145670723316654,-0.4445276036638913,-0.45457287727508316,-0.4724844867443451,2.1343747458109497,-0.41388775612546336,-0.42828956637154025,-0.8466039200386997,3.064247116276752,-0.803797570896693,-0.3216337604513384,-0.5850486126764433,1.0408329997330663,-0.6004533434723092,-0.4882520792370033,-0.5252780838667739,2.9590703879724805,-0.49217479094801325,-0.6449257349027273,-0.3648896763690086,-0.5869734364739604,-0.15171652122725207,-0.1904453466268301,1.7674024273509938,-0.34931309071321465,-0.5272146351966106,0.639101481945827,-0.6391014819458268,0.6820567903052247,-0.6820567903052247
0.31894072034692683,1.292357487624741,-0.7852119690181002,-0.7963211283210021,-0.9567096646922201,-0.20742413513940744,-0.8427157671521486,-0.7653444561645869,-0.6139513960366512,-0.7353212259885992,-1.2098394544988238,-0.2349689478923514,0.09550581285791637,-0.47764069333284487,1.6033711749152535,0.948608383392306,-0.37230108956149116,1.1406965004298797,-1.202224904337887,1.367145796955693,0.492554502238173,-0.16656583618377888,-0.15840686168017518,0.7733783685134638,0.8427157671521301,1.4208687217784413,-0.6800903262946482,-0.7378357164040952,-0.7217427156047488,1.3405979252567854,-0.6546536707079772,0.9369814684936247,-0.9369814684936247,-0.42008402520840293,-0.3648896763690086,-0.4404881959216032,-0.45457287727508316,-0.39081677569083867,-0.41181384541422816,2.6921037647929493,-0.4445276036638913,2.199867281995475,-0.4724844867443451,-0.46852128566581813,-0.41388775612546336,-0.42828956637154025,1.1811899004132755,-0.3263444370031949,-0.803797570896693,-0.3216337604513384,-0.5850486126764433,1.0408329997330663,-0.6004533434723092,-0.4882520792370033,1.9037535178292901,-0.3379439718854365,-0.49217479094801325,-0.6449257349027273,-0.3648896763690086,-0.5869734364739604,-0.15171652122725207,-0.1904453466268301,1.7674024273509938,-0.34931309071321465,-0.5272146351966106,0.639101481945827,-0.6391014819458268,0.6820567903052247,-0.6820567903052247
1.1349442471251263,0.7844890454101029,-1.245700486859219,0.3046204258666646,0.5927527625496994,-0.20742413513940744,-0.8427157671521486,-0.7653444561645869,-0.6139513960366512,1.4618559317696294,1.42591653397019,-0.2349689478923514,-0.06308357626186938,2.6253614907320406,-0.887077899282369,-0.37944961778145625,-1.3868442046682312,0.15945219898482196,1.2143075666930414,-1.3490379056052866,1.358189600196932,-0.10791322330582988,1.3003950677068228,1.602516954713393,0.8427157671521301,1.4208687217784413,-0.6800903262946482,-0.7378357164040952,-0.7217427156047488,1.3405979252567854,-0.6546536707079772,0.9369814684936247,-0.9369814684936247,-0.42008402520840293,-0.3648896763690086,2.2702083943651856,-0.45457287727508316,-0.39081677569083867,-0.41181384541422816,-0.37145670723316654,-0.4445276036638913,-0.45457287727508316,-0.4724844867443451,2.1343747458109497,-0.41388775612546336,-0.42828956637154025,1.1811899004132755,-0.3263444370031949,-0.803797570896693,-0.3216337604513384,-0.5850486126764433,1.0408329997330663,-0.6004533434723092,-0.4882520792370033,-0.5252780838667739,-0.3379439718854365,2.031798495964875,-0.6449257349027273,-0.3648896763690086,1.7036546083024704,-0.15171652122725207,-0.1904453466268301,-0.5658020972047736,-0.34931309071321465,-0.5272146351966106,-1.5646967316604727,1.5646967316604727,0.6820567903052247,-0.6820567903052247
0.7746697813343957,0.4670712690259533,0.5450881936340205,-1.1370887522362325,-1.5837583197731404,-0.20742413513940744,-1.5175632283350504,1.2961894324942331,-0.6139513960366512,1.2780283608018095,1.6455628663426076,-1.0417292840034291,0.9806838101297468,-0.47764069333284487,0.9382875324589943,0.948608383392306,0.4973072948157146,1.1406965004298797,-1.202224904337887,-1.3490379056052866,1.526733410901114,1.6597551786020126,0.09529782169147664,1.6911311411135106,1.517563228335032,-0.7037947874229662,-0.6800903262946482,1.3553152521181606,-0.7217427156047488,-0.7459358105514408,1.5275252316519468,-1.0672569667868559,1.0672569667868559,-0.42008402520840293,2.7405543778353203,-0.4404881959216032,-0.45457287727508316,-0.39081677569083867,-0.41181384541422816,-0.37145670723316654,-0.4445276036638913,-0.45457287727508316,-0.4724844867443451,-0.46852128566581813,-0.41388775612546336,2.3348689263480744,1.1811899004132755,-0.3263444370031949,-0.803797570896693,-0.3216337604513384,-0.5850486126764433,-0.9607689228305227,1.6654083300081026,-0.4882520792370033,-0.5252780838667739,-0.3379439718854365,-0.49217479094801325,1.5505661285959187,-0.3648896763690086,-0.5869734364739604,-0.15171652122725207,-0.1904453466268301,1.7674024273509938,-0.34931309071321465,-0.5272146351966106,0.639101481945827,-0.6391014819458268,0.6820567903052247,-0.6820567903052247
0.7319929328036955,-0.35821494957283445,-0.7852119690181002,1.248284615170379,1.3791577543237614,-0.20742413513940744,1.3505384816922825,0.26542248816482317,1.6287934296680107,-0.7528286136998201,-1.2098394544988238,1.3785517243298042,-0.2104545564932555,-0.47764069333284487,-0.887077899282369,-1.0918041790579487,1.5118504099224548,0.15945219898482196,0.006041331177577327,-1.3490379056052866,0.8141183516079937,0.009392002450068127,1.537731706989981,0.7495406341602159,-1.3505384816923005,-0.7037947874229662,1.4703929189058207,-0.7378357164040952,-0.7217427156047488,-0.7459358105514408,1.5275252316519468,0.9369814684936247,-0.9369814684936247,-0.42008402520840293,-0.3648896763690086,2.2702083943651856,-0.45457287727508316,-0.39081677569083867,-0.41181384541422816,-0.37145670723316654,-0.4445276036638913,-0.45457287727508316,-0.4724844867443451,2.1343747458109497,-0.41388775612546336,-0.42828956637154025,1.1811899004132755,-0.3263444370031949,-0.803797570896693,-0.3216337604513384,1.7092596723292166,-0.9607689228305227,-0.6004533434723092,2.048122358357819,-0.5252780838667739,-0.3379439718854365,-0.49217479094801325,-0.6449257349027273,-0.3648896763690086,-0.5869734364739604,-0.15171652122725207,-0.1904453466268301,-0.5658020972047736,-0.34931309071321465,1.8967606990406793,0.639101481945827,-0.6391014819458268,0.6820567903052247,-0.6820567903052247
1.1296574247034044,-1.408579227789472,0.8474291396913209,0.8765381163537641,0.31480566366631274,-0.20742413513940744,0.0008435593264787592,1.2961894324942331,-0.6139513960366512,-0.43769563489784313,-0.5509004573815703,-0.2349689478923514,-0.8976338463362331,-0.47764069333284487,1.0322667428060743,-0.6228672568106095,0.9321114870043176,2.1219408018749375,1.2143075666930414,1.367145796955693,0.8200321695274387,1.2431193767793403,1.2676589795298354,0.5101268673949862,-0.0008435593264970404,-0.7037947874229662,-0.6800903262946482,1.3553152521181606,1.385535286160941,-0.7459358105514408,-0.6546536707079772,0.9369814684936247,-0.9369814684936247,-0.42008402520840293,-0.3648896763690086,-0.4404881959216032,2.199867281995475,-0.39081677569083867,-0.41181384541422816,-0.37145670723316654,2.249579085208177,-0.45457287727508316,-0.4724844867443451,-0.46852128566581813,-0.41388775612546336,-0.42828956637154025,1.1811899004132755,-0.3263444370031949,-0.803797570896693,-0.3216337604513384,-0.5850486126764433,-0.9607689228305227,1.6654083300081026,-0.4882520792370033,-0.5252780838667739,-0.3379439718854365,2.031798495964875,-0.6449257349027273,-0.3648896763690086,-0.5869734364739604,-0.15171652122725207,-0.1904453466268301,-0.5658020972047736,-0.34931309071321465,1.8967606990406793,0.639101481945827,-0.6391014819458268,-1.4661535728608373,1.4661535728608373
0.7849521063118925,0.4670712690259533,-1.1177870096811306,0.5667493673399182,1.1145521161867773,-0.20742413513940744,-0.5052920365606977,-0.7653444561645869,-0.6139513960366512,-1.1292374494910704,-1.3196626206850326,-0.2349689478923514,-0.4847467236317837,-0.47764069333284487,-0.887077899282369,0.948608383392306,0.4973072948157146,0.15945219898482196,-1.202224904337887,-0.44364333808496004,0.719497264896874,-0.2838710619396769,0.9443901087820856,0.842300513491333,0.5052920365606793,-0.7037947874229662,-0.6800903262946482,1.3553152521181606,1.385535286160941,-0.7459358105514408,-0.6546536707079772,-1.0672569667868559,1.0672569667868559,-0.42008402520840293,-0.3648896763690086,-0.4404881959216032,2.199867281995475,-0.39081677569083867,-0.41181384541422816,-0.37145670723316654,-0.4445276036638913,-0.45457287727508316,2.1164716050054913,-0.46852128566581813,-0.41388775612546336,-0.42828956637154025,1.1811899004132755,-0.3263444370031949,-0.803797570896693,-0.3216337604513384,-0.5850486126764433,-0.9607689228305227,1.6654083300081026,-0.4882520792370033,-0.5252780838667739,-0.3379439718854365,-0.49217479094801325,1.5505661285959187,-0.3648896763690086,-0.5869734364739604,-0.15171652122725207,-0.1904453466268301,1.7674024273509938,-0.34931309071321465,-0.5272146351966106,0.639101481945827,-0.6391014819458268,-1.4661535728608373,1.4661535728608373
1.0553168713790404,1.292357487624741,-0.7852119690181002,-0.7963211283210021,0.38596012098045973,-0.20742413513940744,1.6879622122837334,-0.7653444561645869,-0.6139513960366512,-1.1117300617798496,-1.3196626206850326,1.3785517243298042,-1.2085203804760376,-0.47764069333284487,1.1515480482465992,-0.2255237578071388,-1.5317789353977656,1.1406965004298797,-1.202224904337887,-1.3490379056052866,0.5553888176322759,-0.13218327001394672,-0.12362476799212614,0.8438551483404578,-1.6879622122837514,-0.7037947874229662,1.4703929189058207,-0.7378357164040952,-0.7217427156047488,-0.7459358105514408,1.5275252316519468,0.9369814684936247,-0.9369814684936247,-0.42008402520840293,-0.3648896763690086,2.2702083943651856,-0.45457287727508316,-0.39081677569083867,-0.41181384541422816,-0.37145670723316654,-0.4445276036638913,-0.45457287727508316,-0.4724844867443451,2.1343747458109497,-0.41388775612546336,-0.42828956637154025,1.1811899004132755,-0.3263444370031949,-0.803797570896693,-0.3216337604513384,1.7092596723292166,-0.9607689228305227,-0.6004533434723092,2.048122358357819,-0.5252780838667739,-0.3379439718854365,-0.49217479094801325,-0.6449257349027273,-0.3648896763690086,1.7036546083024704,-0.15171652122725207,-0.1904453466268301,-0.5658020972047736,-0.34931309071321465,-0.5272146351966106,-1.5646967316604727,1.5646967316604727,0.6820567903052247,-0.6820567903052247
0.4305467739472692,-0.35821494957283445,1.2102382749600813,-0.7963211283210021,-0.11212108021856919,-0.20742413513940744,-0.3365801712649722,0.26542248816482317,1.6287934296680107,1.9870775631062578,1.6455628663426076,1.3785517243298042,-0.4249290083412352,-0.47764069333284487,1.487704454488078,0.948608383392306,-1.0969747432091628,1.1406965004298797,1.2143075666930414,-1.3490379056052866,0.3742781438492734,1.028733964190975,-0.22387903803414985,0.3178703577198776,0.3365801712649538,-0.7037947874229662,1.4703929189058207,-0.7378357164040952,-0.7217427156047488,-0.7459358105514408,1.5275252316519468,0.9369814684936247,-0.9369814684936247,-0.42008402520840293,-0.3648896763690086,-0.4404881959216032,-0.45457287727508316,2.5587437955607735,-0.41181384541422816,-0.37145670723316654,-0.4445276036638913,-0.45457287727508316,-0.4724844867443451,-0.46852128566581813,2.4161139951597566,-0.42828956637154025,1.1811899004132755,-0.3263444370031949,-0.803797570896693,-0.3216337604513384,-0.5850486126764433,1.0408329997330663,-0.6004533434723092,-0.4882520792370033,-0.5252780838667739,-0.3379439718854365,-0.49217479094801325,1.5505661285959187,-0.3648896763690086,1.7036546083024704,-0.15171652122725207,-0.1904453466268301,-0.5658020972047736,-0.34931309071321465,-0.5272146351966106,0.639101481945827,-0.6391014819458268,0.6820567903052247,-0.6820567903052247
-1.6214248167578869,-1.408579227789472,0.8474291396913209,0.8765381163537641,-1.2239094757521158,-0.20742413513940744,1.181826616396557,-0.7653444561645869,-0.6139513960366512,-1.30431132660328,-0.44107729119536143,-1.0417292840034291,-0.2473800942366245,3.068647517027024,-0.887077899282369,0.948608383392306,-0.37230108956149116,-0.8217921024602357,-1.202224904337887,1.367145796955693,-1.8145737135853,-1.3780456676972772,-1.3839641628061385,-1.8404810244818135,-1.1818266163965752,1.4208687217784413,-0.6800903262946482,-0.7378357164040952,-0.7217427156047488,-0.7459358105514408,1.5275252316519468,-1.0672569667868559,1.0672569667868559,-0.42008402520840293,-0.3648896763690086,-0.4404881959216032,-0.45457287727508316,2.5587437955607735,-0.41181384541422816,-0.37145670723316654,-0.4445276036638913,-0.45457287727508316,-0.4724844867443451,-0.46852128566581813,-0.41388775612546336,2.3348689263480744,-0.8466039200386997,-0.3263444370031949,-0.803797570896693,3.1091263510296048,-0.5850486126764433,1.0408329997330663,-0.6004533434723092,-0.4882520792370033,-0.5252780838667739,-0.3379439718854365,-0.49217479094801325,1.5505661285959187,-0.3648896763690086,-0.5869734364739604,-0.15171652122725207,-0.1904453466268301,-0.5658020972047736,-0.34931309071321465,1.8967606990406793,0.639101481945827,-0.6391014819458268,0.6820567903052247,-0.6820567903052247
-1.581552570306969,-0.4851820601264935,0.2892612392778437,0.3046204258666646,0.03352319959632543,-0.20742413513940744,0.5069791552136551,-0.7653444561645869,-0.6139513960366512,-0.7353212259885992,-0.5509004573815703,-0.2349689478923514,-0.834090460197138,-0.47764069333284487,1.9286838261166845,0.948608383392306,-1.2419094739386969,-0.8217921024602357,1.2143075666930414,-0.44364333808496004,-1.7890703738076934,-1.3740006599125911,-1.3798721517840151,-1.8067972694174415,-0.5069791552136733,-0.7037947874229662,1.4703929189058207,-0.7378357164040952,-0.7217427156047488,-0.7459358105514408,1.5275252316519468,0.9369814684936247,-0.9369814684936247,-0.42008402520840293,-0.3648896763690086,-0.4404881959216032,2.199867281995475,-0.39081677569083867,-0.41181384541422816,-0.37145670723316654,-0.4445276036638913,2.199867281995475,-0.4724844867443451,-0.46852128566581813,-0.41388775612546336,-0.42828956637154025,-0.8466039200386997,3.064247116276752,-0.803797570896693,-0.3216337604513384,-0.5850486126764433,1.0408329997330663,-0.6004533434723092,-0.4882520792370033,-0.5252780838667739,2.9590703879724805,-0.49217479094801325,-0.6449257349027273,-0.3648896763690086,-0.5869734364739604,-0.15171652122725207,-0.1904453466268301,-0.5658020972047736,2.862761306649679,-0.5272146351966106,0.639101481945827,-0.6391014819458268,0.6820567903052247,-0.6820567903052247
0.7256824550347687,-1.408579227789472,0.8474291396913209,0.8765381163537641,0.702449217575676,-0.20742413513940744,0.3382672899179297,1.2961894324942331,-0.6139513960366512,-0.9541635723788611,-0.7705467897539882,1.3785517243298042,0.4075100482522857,-0.47764069333284487,1.5636107397684118,-0.7911118014337006,1.3669156791929205,1.1406965004298797,-1.202224904337887,1.367145796955693,1.1452921550969126,1.5667199995542314,1.5950198612997089,0.8003253725649615,-0.3382672899179479,-0.7037947874229662,1.4703929189058207,-0.7378357164040952,-0.7217427156047488,-0.7459358105514408,1.5275252316519468,-1.0672569667868559,1.0672569667868559,-0.42008402520840293,-0.3648896763690086,-0.4404881959216032,-0.45457287727508316,-0.39081677569083867,2.428281640201139,-0.37145670723316654,-0.4445276036638913,2.199867281995475,-0.4724844867443451,-0.46852128566581813,-0.41388775612546336,-0.42828956637154025,1.1811899004132755,-0.3263444370031949,-0.803797570896693,-0.3216337604513384,-0.5850486126764433,-0.9607689228305227,1.6654083300081026,-0.4882520792370033,-0.5252780838667739,-0.3379439718854365,-0.49217479094801325,1.5505661285959187,-0.3648896763690086,-0.5869734364739604,-0.15171652122725207,-0.1904453466268301,1.7674024273509938,-0.34931309071321465,-0.5272146351966106,-1.5646967316604727,1.5646967316604727,-1.4661535728608373,1.4661535728608373
-0.29327521641947457,0.09194116966286865,-0.9666165366524804,0.8765381163537641,0.4115312540777313,-0.20742413513940744,-0.6740039018564231,0.26542248816482317,1.6287934296680107,-1.102976367924239,-0.8803699559401971,-0.2349689478923514,1.2271576349324638,1.2955034118470896,-0.887077899282369,-0.050119870859660756,1.3669156791929205,-0.8217921024602357,0.006041331177577327,-1.3490379056052866,0.1288547001923067,-0.4679189161428962,0.5720171057688547,0.15567012179451642,0.6740039018564047,-0.7037947874229662,1.4703929189058207,-0.7378357164040952,-0.7217427156047488,1.3405979252567854,-0.6546536707079772,-1.0672569667868559,1.0672569667868559,-0.42008402520840293,-0.3648896763690086,-0.4404881959216032,-0.45457287727508316,-0.39081677569083867,-0.41181384541422816,2.6921037647929493,-0.4445276036638913,-0.45457287727508316,-0.4724844867443451,2.1343747458109497,-0.41388775612546336,-0.42828956637154025,-0.8466039200386997,-0.3263444370031949,1.244094329477047,-0.3216337604513384,1.7092596723292166,-0.9607689228305227,-0.6004533434723092,-0.4882520792370033,-0.5252780838667739,-0.3379439718854365,2.031798495964875,-0.6449257349027273,-0.3648896763690086,-0.5869734364739604,-0.15171652122725207,-0.1904453466268301,-0.5658020972047736,-0.34931309071321465,1.8967606990406793,0.639101481945827,-0.6391014819458268,0.6820567903052247,-0.6820567903052247
0.3768229607080719,0.09194116966286865,0.8474291396913209,-0.9821943777293095,-1.73718511835677,-0.20742413513940744,1.3505384816922825,1.2961894324942331,-0.6139513960366512,0.4551811383744251,0.4375080382943098,-1.0417292840034291,-0.22779962411037571,-0.47764069333284487,1.162391803286647,-1.3996558990065837,-0.08243162810242258,-0.8217921024602357,-1.202224904337887,-1.3490379056052866,0.4093914377459779,0.8345735905260403,-0.32208730256511187,0.44172293403349205,-1.3505384816923005,-0.7037947874229662,-0.6800903262946482,1.3553152521181606,1.385535286160941,-0.7459358105514408,-0.6546536707079772,0.9369814684936247,-0.9369814684936247,-0.42008402520840293,-0.3648896763690086,-0.4404881959216032,-0.45457287727508316,2.5587437955607735,-0.41181384541422816,-0.37145670723316654,-0.4445276036638913,-0.45457287727508316,-0.4724844867443451,-0.46852128566581813,2.4161139951597566,-0.42828956637154025,-0.8466039200386997,-0.3263444370031949,1.244094329477047,-0.3216337604513384,-0.5850486126764433,1.0408329997330663,-0.6004533434723092,-0.4882520792370033,1.9037535178292901,-0.3379439718854365,-0.49217479094801325,-0.6449257349027273,-0.3648896763690086,-0.5869734364739604,-0.15171652122725207,-0.1904453466268301,-0.5658020972047736,-0.34931309071321465,1.8967606990406793,0.639101481945827,-0.6391014819458268,0.6820567903052247,-0.6820567903052247
-0.16408498729802498,-2.008787386770408,3.2056885189382625,-0.7963211283210021,0.6413008558213309,-0.20742413513940744,-0.6740039018564231,-0.7653444561645869,-0.6139513960366512,2.0571071139511417,1.8652091987150254,-1.0417292840034291,0.0939741481757367,-0.47764069333284487,0.8804541722454066,-0.5154771219448065,-0.37230108956149116,-0.8217921024602357,1.2143075666930414,-1.3490379056052866,-0.08034660870805947,1.5424499528461146,-0.47553771589474,-0.3874156521664373,0.6740039018564047,-0.7037947874229662,-0.6800903262946482,1.3553152521181606,1.385535286160941,-0.7459358105514408,-0.6546536707079772,-1.0672569667868559,1.0672569667868559,-0.42008402520840293,-0.3648896763690086,2.2702083943651856,-0.45457287727508316,-0.39081677569083867,-0.41181384541422816,-0.37145670723316654,-0.4445276036638913,-0.45457287727508316,-0.4724844867443451,2.1343747458109497,-0.41388775612546336,-0.42828956637154025,-0.8466039200386997,-0.3263444370031949,1.244094329477047,-0.3216337604513384,-0.5850486126764433,1.0408329997330663,-0.6004533434723092,2.048122358357819,-0.5252780838667739,-0.3379439718854365,-0.49217479094801325,-0.6449257349027273,2.7405543778353203,-0.5869734364739604,-0.15171652122725207,-0.1904453466268301,-0.5658020972047736,-0.34931309071321465,-0.5272146351966106,0.639101481945827,-0.6391014819458268,0.6820567903052247,-0.6820567903052247
0.10520192335320457,0.4670712690259533,0.5450881936340205,-1.1370887522362325,1.5021956700961405,-0.20742413513940744,1.0131147511008316,1.2961894324942331,-0.6139513960366512,-0.4814641041758955,-0.22143095882294364,-1.0417292840034291,0.6519140559169204,-0.47764069333284487,-0.887077899282369,0.948608383392306,0.7871767562747832,-0.8217921024602357,-1.202224904337887,-0.44364333808496004,0.4666815488406012,0.6929983180620255,-0.3936974954522717,0.5764579542909806,-1.0131147511008496,1.4208687217784413,-0.6800903262946482,-0.7378357164040952,-0.7217427156047488,-0.7459358105514408,1.5275252316519468,-1.0672569667868559,1.0672569667868559,-0.42008402520840293,-0.3648896763690086,-0.4404881959216032,-0.45457287727508316,-0.39081677569083867,-0.41181384541422816,2.6921037647929493,-0.4445276036638913,-0.45457287727508316,-0.4724844867443451,2.1343747458109497,-0.41388775612546336,-0.42828956637154025,-0.8466039200386997,-0.3263444370031949,1.244094329477047,-0.3216337604513384,-0.5850486126764433,-0.9607689228305227,1.6654083300081026,-0.4882520792370033,1.9037535178292901,-0.3379439718854365,-0.49217479094801325,-0.6449257349027273,-0.3648896763690086,-0.5869734364739604,-0.15171652122725207,-0.1904453466268301,-0.5658020972047736,-0.34931309071321465,1.8967606990406793,-1.5646967316604727,1.5646967316604727,-1.4661535728608373,1.4661535728608373
1.8188870848724101,-2.008787386770408,1.2102382749600813,1.248284615170379,-1.0971655986612916,-0.20742413513940744,-1.011427632447874,-0.7653444561645869,-0.6139513960366512,1.0504323205559372,0.7669775368529365,1.3785517243298042,-1.491547175937269,2.182075464437057,-0.887077899282369,-0.5297958065935803,0.207437833356646,-0.8217921024602357,0.006041331177577327,-1.3490379056052866,1.0137097063892617,1.728520310941677,1.7587003021846455,0.5329281785154842,1.0114276324478555,-0.7037947874229662,1.4703929189058207,-0.7378357164040952,1.385535286160941,-0.7459358105514408,-0.6546536707079772,-1.0672569667868559,1.0672569667868559,-0.42008402520840293,-0.3648896763690086,-0.4404881959216032,-0.45457287727508316,2.5587437955607735,-0.41181384541422816,-0.37145670723316654,-0.4445276036638913,-0.45457287727508316,-0.4724844867443451,-0.46852128566581813,-0.41388775612546336,2.3348689263480744,-0.8466039200386997,-0.3263444370031949,1.244094329477047,-0.3216337604513384,-0.5850486126764433,1.0408329997330663,-0.6004533434723092,-0.4882520792370033,-0.5252780838667739,-0.3379439718854365,2.031798495964875,-0.6449257349027273,-0.3648896763690086,-0.5869734364739604,-0.15171652122725207,5.250850271282601,-0.5658020972047736,-0.34931309071321465,-0.5272146351966106,0.639101481945827,-0.6391014819458268,-1.4661535728608373,1.4661535728608373
-0.503847091685055,-0.9084057619720256,1.653671662510788,-0.5691427123775156,-0.28556006992180244,-0.20742413513940744,0.0008435593264787592,-0.7653444561645869,-0.6139513960366512,-0.10505526838464518,0.10803853973568307,-0.2349689478923514,0.6118009997809054,-0.47764069333284487,-0.887077899282369,0.948608383392306,0.9321114870043176,1.1406965004298797,0.006041331177577327,-1.3490379056052866,-0.3416634380235345,0.4381628276267988,-0.5225958426491593,-0.4589288552261812,-0.0008435593264970404,1.4208687217784413,-0.6800903262946482,-0.7378357164040952,1.385535286160941,-0.7459358105514408,-0.6546536707079772,0.9369814684936247,-0.9369814684936247,2.3804761428476167,-0.3648896763690086,-0.4404881959216032,-0.45457287727508316,-0.39081677569083867,-0.41181384541422816,-0.37145670723316654,-0.4445276036638913,-0.45457287727508316,-0.4724844867443451,-0.46852128566581813,-0.41388775612546336,2.3348689263480744,1.1811899004132755,-0.3263444370031949,-0.803797570896693,-0.3216337604513384,-0.5850486126764433,-0.9607689228305227,1.6654083300081026,2.048122358357819,-0.5252780838667739,-0.3379439718854365,-0.49217479094801325,-0.6449257349027273,-0.3648896763690086,-0.5869734364739604,-0.15171652122725207,-0.1904453466268301,-0.5658020972047736,2.862761306649679,-0.5272146351966106,-1.5646967316604727,1.5646967316604727,-1.4661535728608373,1.4661535728608373
-1.5288688849662309,1.292357487624741,-0.7852119690181002,-0.7963211283210021,-1.2494806088493875,-0.20742413513940744,0.6756910205093806,-1.7961114004939969,-0.6139513960366512,1.5406391764701237,1.5357397001563988,1.3785517243298042,-0.37910325690411645,2.182075464437057,-0.887077899282369,0.948608383392306,1.6567851406519891,-0.8217921024602357,-1.202224904337887,1.367145796955693,-1.7177349451543884,-1.3760231638049343,-1.3819181572950767,-1.705746004224325,-0.6756910205093988,1.4208687217784413,-0.6800903262946482,-0.7378357164040952,-0.7217427156047488,1.3405979252567854,-0.6546536707079772,-1.0672569667868559,1.0672569667868559,2.3804761428476167,-0.3648896763690086,-0.4404881959216032,-0.45457287727508316,-0.39081677569083867,-0.41181384541422816,-0.37145670723316654,-0.4445276036638913,-0.45457287727508316,-0.4724844867443451,-0.46852128566581813,-0.41388775612546336,2.3348689263480744,-0.8466039200386997,3.064247116276752,-0.803797570896693,-0.3216337604513384,-0.5850486126764433,1.0408329997330663,-0.6004533434723092,-0.4882520792370033,-0.5252780838667739,-0.3379439718854365,-0.49217479094801325,1.5505661285959187,2.7405543778353203,-0.5869734364739604,-0.15171652122725207,-0.1904453466268301,-0.5658020972047736,-0.34931309071321465,-0.5272146351966106,0.639101481945827,-0.6391014819458268,0.6820567903052247,-0.6820567903052247
0.012902761836272604,0.4670712690259533,0.5450881936340205,-1.1370887522362325,-1.476285441538231,-0.20742413513940744,-1.011427632447874,0.26542248816482317,1.6287934296680107,-0.7090601444217678,-1.2098394544988238,1.3785517243298042,2.391967927559072,-0.47764069333284487,0.48646440579034,-0.5262161354313869,-0.9520400124796283,-0.8217921024602357,1.2143075666930414,-0.44364333808496004,1.021101978788568,1.198624291147793,-0.1379468065695581,1.1594460227128058,1.0114276324478555,1.4208687217784413,-0.6800903262946482,-0.7378357164040952,1.385535286160941,-0.7459358105514408,-0.6546536707079772,-1.0672569667868559,1.0672569667868559,-0.42008402520840293,-0.3648896763690086,-0.4404881959216032,-0.45457287727508316,-0.39081677569083867,2.428281640201139,-0.37145670723316654,-0.4445276036638913,-0.45457287727508316,-0.4724844867443451,2.1343747458109497,-0.41388775612546336,-0.42828956637154025,-0.8466039200386997,-0.3263444370031949,1.244094329477047,-0.3216337604513384,-0.5850486126764433,-0.9607689228305227,1.6654083300081026,2.048122358357819,-0.5252780838667739,-0.3379439718854365,-0.49217479094801325,-0.6449257349027273,2.7405543778353203,-0.5869734364739604,-0.15171652122725207,-0.1904453466268301,-0.5658020972047736,-0.34931309071321465,-0.5272146351966106,0.639101481945827,-0.6391014819458268,-1.4661535728608373,1.4661535728608373
-0.18681449668525443,-0.9084057619720256,1.653671662510788,-0.5691427123775156,1.2613081843972054,-0.20742413513940744,1.6879622122837334,0.26542248816482317,1.6287934296680107,1.6806982781598914,1.9750323649012345,-0.2349689478923514,0.4478714824448702,-0.47764069333284487,-0.887077899282369,0.14676204306097787,1.5118504099224548,1.1406965004298797,1.2143075666930414,-0.44364333808496004,0.014274478003060214,0.8709786605882156,-0.3036732529655565,-0.12623699751345957,-1.6879622122837514,-0.7037947874229662,1.4703929189058207,-0.7378357164040952,1.385535286160941,-0.7459358105514408,-0.6546536707079772,-1.0672569667868559,1.0672569667868559,-0.42008402520840293,-0.3648896763690086,2.2702083943651856,-0.45457287727508316,-0.39081677569083867,-0.41181384541422816,-0.37145670723316654,-0.4445276036638913,-0.45457287727508316,2.1164716050054913,-0.46852128566581813,-0.41388775612546336,-0.42828956637154025,1.1811899004132755,-0.3263444370031949,-0.803797570896693,-0.3216337604513384,1.7092596723292166,-0.9607689228305227,-0.6004533434723092,-0.4882520792370033,-0.5252780838667739,-0.3379439718854365,2.031798495964875,-0.6449257349027273,2.7405543778353203,-0.5869734364739604,-0.15171652122725207,-0.1904453466268301,-0.5658020972047736,-0.34931309071321465,-0.5272146351966106,-1.5646967316604727,1.5646967316604727,0.6820567903052247,-0.6820567903052247
-0.6718071107697531,-0.35821494957283445,1.2102382749600813,-0.7963211283210021,0.7450677727377952,-0.20742413513940744,-1.1801394977435995,-0.7653444561645869,-0.6139513960366512,-0.30639022706368607,-0.5509004573815703,-1.0417292840034291,0.8757440812290275,-0.47764069333284487,-0.887077899282369,-1.1132822060311094,-1.6767136661272999,-0.8217921024602357,-1.202224904337887,-1.3490379056052866,-0.4980099992688612,0.07411212700504634,-0.706736338644713,-0.5382152325315495,1.180139497743581,-0.7037947874229662,1.4703929189058207,-0.7378357164040952,1.385535286160941,-0.7459358105514408,-0.6546536707079772,0.9369814684936247,-0.9369814684936247,-0.42008402520840293,-0.3648896763690086,-0.4404881959216032,2.199867281995475,-0.39081677569083867,-0.41181384541422816,-0.37145670723316654,-0.4445276036638913,2.199867281995475,-0.4724844867443451,-0.46852128566581813,-0.41388775612546336,-0.42828956637154025,-0.8466039200386997,-0.3263444370031949,1.244094329477047,-0.3216337604513384,-0.5850486126764433,1.0408329997330663,-0.6004533434723092,-0.4882520792370033,1.9037535178292901,-0.3379439718854365,-0.49217479094801325,-0.6449257349027273,-0.3648896763690086,-0.5869734364739604,-0.15171652122725207,-0.1904453466268301,-0.5658020972047736,2.862761306649679,-0.5272146351966106,0.639101481945827,-0.6391014819458268,-1.4661535728608373,1.4661535728608373
0.28760828477746614,0.4670712690259533,-1.1177870096811306,0.5667493673399182,0.32962950894009335,-0.20742413513940744,1.3505384816922825,0.26542248816482317,1.6287934296680107,-1.5143999791379312,-0.7705467897539882,1.3785517243298042,0.021861719084985375,1.2955034118470896,0.8045478869650726,-2.176444541202558,-0.22736635883195688,-0.8217921024602357,1.2143075666930414,-1.3490379056052866,0.4223279144447638,-0.41937882272666255,0.6702253702998167,0.5298189088172346,-1.3505384816923005,1.4208687217784413,-0.6800903262946482,-0.7378357164040952,1.385535286160941,-0.7459358105514408,-0.6546536707079772,0.9369814684936247,-0.9369814684936247,-0.42008402520840293,-0.3648896763690086,-0.4404881959216032,2.199867281995475,-0.39081677569083867,-0.41181384541422816,-0.37145670723316654,-0.4445276036638913,-0.45457287727508316,-0.4724844867443451,-0.46852128566581813,-0.41388775612546336,2.3348689263480744,-0.8466039200386997,-0.3263444370031949,1.244094329477047,-0.3216337604513384,-0.5850486126764433,-0.9607689228305227,1.6654083300081026,-0.4882520792370033,1.9037535178292901,-0.3379439718854365,-0.49217479094801325,-0.6449257349027273,-0.3648896763690086,-0.5869734364739604,-0.15171652122725207,-0.1904453466268301,-0.5658020972047736,-0.34931309071321465,1.8967606990406793,0.639101481945827,-0.6391014819458268,0.6820567903052247,-0.6820567903052247
-0.16557804902557208,-0.35821494957283445,1.2102382749600813,-0.7963211283210021,1.37248702395056,-0.20742413513940744,-0.8427157671521486,-0.7653444561645869,-0.6139513960366512,-0.5339862673095583,-0.990193122126406,-1.0417292840034291,0.5555019736250956,1.7387894381420732,-0.887077899282369,-1.403235570168777,0.6422420255452489,-0.8217921024602357,1.2143075666930414,-1.3490379056052866,0.07858724787702437,0.705133341416084,-0.38755947891908654,0.027671852549902325,0.8427157671521301,-0.7037947874229662,1.4703929189058207,-0.7378357164040952,1.385535286160941,-0.7459358105514408,-0.6546536707079772,0.9369814684936247,-0.9369814684936247,-0.42008402520840293,-0.3648896763690086,2.2702083943651856,-0.45457287727508316,-0.39081677569083867,-0.41181384541422816,-0.37145670723316654,-0.4445276036638913,-0.45457287727508316,-0.4724844867443451,-0.46852128566581813,2.4161139951597566,-0.42828956637154025,-0.8466039200386997,-0.3263444370031949,1.244094329477047,-0.3216337604513384,-0.5850486126764433,1.0408329997330663,-0.6004533434723092,-0.4882520792370033,1.9037535178292901,-0.3379439718854365,-0.49217479094801325,-0.6449257349027273,-0.3648896763690086,-0.5869734364739604,-0.15171652122725207,-0.1904453466268301,1.7674024273509938,-0.34931309071321465,-0.5272146351966106,0.639101481945827,-0.6391014819458268,-1.4661535728608373,1.4661535728608373
-1.5912385255120636,-0.35821494957283445,1.2102382749600813,-0.7963211283210021,-0.024289796971419,-0.20742413513940744,-0.8427157671521486,-1.7961114004939969,-0.6139513960366512,-0.8491192461115353,-0.7705467897539882,-1.0417292840034291,-0.3534375243919086,1.2955034118470896,2.0804963966773524,0.948608383392306,-0.5172358202910254,-0.8217921024602357,0.006041331177577327,1.367145796955693,-1.7842653967481443,-1.3335505820657299,-1.4187462564941875,-1.800578730020942,0.8427157671521301,-0.7037947874229662,-0.6800903262946482,1.3553152521181606,1.385535286160941,-0.7459358105514408,-0.6546536707079772,-1.0672569667868559,1.0672569667868559,2.3804761428476167,-0.3648896763690086,-0.4404881959216032,-0.45457287727508316,-0.39081677569083867,-0.41181384541422816,-0.37145670723316654,-0.4445276036638913,-0.45457287727508316,2.1164716050054913,-0.46852128566581813,-0.41388775612546336,-0.42828956637154025,-0.8466039200386997,-0.3263444370031949,-0.803797570896693,3.1091263510296048,-0.5850486126764433,1.0408329997330663,-0.6004533434723092,-0.4882520792370033,-0.5252780838667739,-0.3379439718854365,-0.49217479094801325,1.5505661285959187,-0.3648896763690086,-0.5869734364739604,-0.15171652122725207,-0.1904453466268301,1.7674024273509938,-0.34931309071321465,-0.5272146351966106,0.639101481945827,-0.6391014819458268,0.6820567903052247,-0.6820567903052247
0.014542882297209087,2.7595329873559167,-0.5634952752427469,-2.8409268718123832,-0.6924746226870805,-0.20742413513940744,0.8444028858051061,1.2961894324942331,-0.6139513960366512,-0.7090601444217678,-0.5509004573815703,1.3785517243298042,0.04972145776355918,-0.47764069333284487,-0.30512971213314233,-1.2421503678700727,0.207437833356646,1.1406965004298797,0.006041331177577327,-0.44364333808496004,0.11407015539369425,-0.24948849576984472,-1.498540471425594,0.6034049583424783,-0.8444028858051242,-0.7037947874229662,-0.6800903262946482,1.3553152521181606,-0.7217427156047488,-0.7459358105514408,1.5275252316519468,0.9369814684936247,-0.9369814684936247,-0.42008402520840293,2.7405543778353203,-0.4404881959216032,-0.45457287727508316,-0.39081677569083867,-0.41181384541422816,-0.37145670723316654,2.249579085208177,-0.45457287727508316,-0.4724844867443451,-0.46852128566581813,-0.41388775612546336,-0.42828956637154025,1.1811899004132755,-0.3263444370031949,-0.803797570896693,-0.3216337604513384,-0.5850486126764433,-0.9607689228305227,1.6654083300081026,-0.4882520792370033,1.9037535178292901,-0.3379439718854365,-0.49217479094801325,-0.6449257349027273,-0.3648896763690086,-0.5869734364739604,-0.15171652122725207,5.250850271282601,-0.5658020972047736,-0.34931309071321465,-0.5272146351966106,0.639101481945827,-0.6391014819458268,0.6820567903052247,-0.6820567903052247
0.1582658438223869,-0.9084057619720256,0.5450881936340205,0.5667493673399182,-1.012669680600742,-0.20742413513940744,-0.5052920365606977,0.26542248816482317,1.6287934296680107,0.01749644559390144,-0.3312541250091525,-1.0417292840034291,1.5202851380275313,1.2955034118470896,-0.887077899282369,-0.9736750307055656,-0.08243162810242258,-0.8217921024602357,1.2143075666930414,-0.44364333808496004,0.9013471659198072,1.089409080961267,1.1121625606891457,0.7029015886864698,0.5052920365606793,1.4208687217784413,-0.6800903262946482,-0.7378357164040952,-0.7217427156047488,-0.7459358105514408,1.5275252316519468,0.9369814684936247,-0.9369814684936247,-0.42008402520840293,-0.3648896763690086,-0.4404881959216032,-0.45457287727508316,2.5587437955607735,-0.41181384541422816,-0.37145670723316654,-0.4445276036638913,-0.45457287727508316,2.1164716050054913,-0.46852128566581813,-0.41388775612546336,-0.42828956637154025,-0.8466039200386997,-0.3263444370031949,1.244094329477047,-0.3216337604513384,1.7092596723292166,-0.9607689228305227,-0.6004533434723092,2.048122358357819,-0.5252780838667739,-0.3379439718854365,-0.49217479094801325,-0.6449257349027273,-0.3648896763690086,1.7036546083024704,-0.15171652122725207,-0.1904453466268301,-0.5658020972047736,-0.34931309071321465,-0.5272146351966106,0.639101481945827,-0.6391014819458268,0.6820567903052247,-0.6820567903052247
-0.38129403044202936,2.9429299248223146,-0.7852119690181002,-2.8409268718123832,0.8399403824899913,-0.20742413513940744,1.0131147511008316,-0.7653444561645869,-0.6139513960366512,-0.043779411395371864,0.21786170592189197,-0.2349689478923514,-1.5000748225461635,-0.47764069333284487,-0.887077899282369,0.948608383392306,-0.22736635883195688,-0.8217921024602357,0.006041331177577327,0.46175122943536656,-0.8158777124390288,-0.8825322140732254,-1.498540471425594,-0.5382152325315495,-1.0131147511008496,-0.7037947874229662,-0.6800903262946482,1.3553152521181606,-0.7217427156047488,1.3405979252567854,-0.6546536707079772,0.9369814684936247,-0.9369814684936247,2.3804761428476167,-0.3648896763690086,-0.4404881959216032,-0.45457287727508316,-0.39081677569083867,-0.41181384541422816,-0.37145670723316654,2.249579085208177,-0.45457287727508316,-0.4724844867443451,-0.46852128566581813,-0.41388775612546336,-0.42828956637154025,-0.8466039200386997,-0.3263444370031949,1.244094329477047,-0.3216337604513384,-0.5850486126764433,1.0408329997330663,-0.6004533434723092,2.048122358357819,-0.5252780838667739,-0.3379439718854365,-0.49217479094801325,-0.6449257349027273,2.7405543778353203,-0.5869734364739604,-0.15171652122725207,-0.1904453466268301,-0.5658020972047736,-0.34931309071321465,-0.5272146351966106,0.639101481945827,-0.6391014819458268,0.6820567903052247,-0.6820567903052247
-0.0921484653615281,0.9255636126919463,-0.5634952752427469,-0.5691427123775156,-1.5163098237774386,-0.20742413513940744,-1.686275093630776,0.26542248816482317,1.6287934296680107,-0.4989714918871165,-0.22143095882294364,1.3785517243298042,0.48471422750271603,-0.47764069333284487,-0.887077899282369,0.948608383392306,-0.08243162810242258,1.1406965004298797,-1.202224904337887,-0.44364333808496004,0.14733538119057227,-0.22926345684641403,-0.22183303252308814,0.3214978390345023,1.6862750936307573,-0.7037947874229662,1.4703929189058207,-0.7378357164040952,-0.7217427156047488,-0.7459358105514408,1.5275252316519468,0.9369814684936247,-0.9369814684936247,-0.42008402520840293,-0.3648896763690086,-0.4404881959216032,-0.45457287727508316,-0.39081677569083867,2.428281640201139,-0.37145670723316654,-0.4445276036638913,-0.45457287727508316,-0.4724844867443451,2.1343747458109497,-0.41388775612546336,-0.42828956637154025,1.1811899004132755,-0.3263444370031949,-0.803797570896693,-0.3216337604513384,-0.5850486126764433,-0.9607689228305227,1.6654083300081026,2.048122358357819,-0.5252780838667739,-0.3379439718854365,-0.49217479094801325,-0.6449257349027273,-0.3648896763690086,-0.5869734364739604,-0.15171652122725207,-0.1904453466268301,1.7674024273509938,-0.34931309071321465,-0.5272146351966106,0.639101481945827,-0.6391014819458268,0.6820567903052247,-0.6820567903052247
-0.7514185745883097,-0.35821494957283445,-0.7852119690181002,1.248284615170379,0.8162222300519423,-0.20742413513940744,0.5069791552136551,1.2961894324942331,-0.6139513960366512,-1.5756758361272045,-0.6607236235677793,-0.2349689478923514,2.7513709754155014,-0.47764069333284487,-0.887077899282369,-0.6694029819191241,-1.6767136661272999,-0.8217921024602357,1.2143075666930414,-0.44364333808496004,-0.19862296709695906,-0.5447740640519328,0.41652068692816485,-0.2443892460469495,-0.5069791552136733,1.4208687217784413,-0.6800903262946482,-0.7378357164040952,-0.7217427156047488,-0.7459358105514408,1.5275252316519468,0.9369814684936247,-0.9369814684936247,-0.42008402520840293,-0.3648896763690086,2.2702083943651856,-0.45457287727508316,-0.39081677569083867,-0.41181384541422816,-0.37145670723316654,-0.4445276036638913,-0.45457287727508316,-0.4724844867443451,-0.46852128566581813,-0.41388775612546336,2.3348689263480744,-0.8466039200386997,-0.3263444370031949,1.244094329477047,-0.3216337604513384,-0.5850486126764433,-0.9607689228305227,1.6654083300081026,-0.4882520792370033,-0.5252780838667739,-0.3379439718854365,-0.49217479094801325,1.5505661285959187,-0.3648896763690086,-0.5869734364739604,-0.15171652122725207,-0.1904453466268301,-0.5658020972047736,-0.34931309071321465,1.8967606990406793,0.639101481945827,-0.6391014819458268,0.6820567903052247,-0.6820567903052247
-0.39747098039831913,-2.008787386770408,1.2102382749600813,1.248284615170379,1.4836658635039148,-0.20742413513940744,-1.348851363039325,-0.7653444561645869,-0.6139513960366512,-1.094211731950314e-05,0.10803853973568307,-1.0417292840034291,-0.008274818445477627,-0.47764069333284487,-0.887077899282369,0.948608383392306,-0.22736635883195688,1.1406965004298797,0.006041331177577327,0.46175122943536656,-0.3871259132792678,0.1954623605456305,0.20782812479987062,-0.6454850371211653,1.3488513630393064,1.4208687217784413,-0.6800903262946482,-0.7378357164040952,1.385535286160941,-0.7459358105514408,-0.6546536707079772,0.9369814684936247,-0.9369814684936247,-0.42008402520840293,-0.3648896763690086,-0.4404881959216032,2.199867281995475,-0.39081677569083867,-0.41181384541422816,-0.37145670723316654,-0.4445276036638913,2.199867281995475,-0.4724844867443451,-0.46852128566581813,-0.41388775612546336,-0.42828956637154025,1.1811899004132755,-0.3263444370031949,-0.803797570896693,-0.3216337604513384,-0.5850486126764433,-0.9607689228305227,1.6654083300081026,-0.4882520792370033,-0.5252780838667739,-0.3379439718854365,2.031798495964875,-0.6449257349027273,-0.3648896763690086,-0.5869734364739604,-0.15171652122725207,-0.1904453466268301,1.7674024273509938,-0.34931309071321465,-0.5272146351966106,-1.5646967316604727,1.5646967316604727,-1.4661535728608373,1.4661535728608373
0.3234451601214878,0.09194116966286865,0.8474291396913209,-0.9821943777293095,0.043158699024282834,-0.20742413513940744,-0.3365801712649722,1.2961894324942331,-0.6139513960366512,-0.07879418681781376,-0.3312541250091525,1.3785517243298042,0.3642094737236256,-0.47764069333284487,1.2021522384334884,-0.9593563460567919,0.35237256408618034,1.1406965004298797,1.2143075666930414,1.367145796955693,0.620810428366136,1.0449139953297195,-0.215695015989903,0.6572989664454737,0.3365801712649538,-0.7037947874229662,1.4703929189058207,-0.7378357164040952,1.385535286160941,-0.7459358105514408,-0.6546536707079772,0.9369814684936247,-0.9369814684936247,2.3804761428476167,-0.3648896763690086,-0.4404881959216032,-0.45457287727508316,-0.39081677569083867,-0.41181384541422816,-0.37145670723316654,-0.4445276036638913,-0.45457287727508316,-0.4724844867443451,-0.46852128566581813,-0.41388775612546336,2.3348689263480744,1.1811899004132755,-0.3263444370031949,-0.803797570896693,-0.3216337604513384,1.7092596723292166,-0.9607689228305227,-0.6004533434723092,-0.4882520792370033,1.9037535178292901,-0.3379439718854365,-0.49217479094801325,-0.6449257349027273,-0.3648896763690086,-0.5869734364739604,-0.15171652122725207,-0.1904453466268301,1.7674024273509938,-0.34931309071321465,-0.5272146351966106,-1.5646967316604727,1.5646967316604727,-1.4661535728608373,1.4661535728608373
-1.6230952857915404,0.09194116966286865,-0.9666165366524804,0.8765381163537641,0.8818177453884215,-0.20742413513940744,1.181826616396557,-1.7961114004939969,-0.6139513960366512,-1.0504542047905763,-0.990193122126406,1.3785517243298042,2.3562014874130286,-0.47764069333284487,-0.887077899282369,0.3794406686035508,-0.37230108956149116,-0.8217921024602357,0.006041331177577327,1.367145796955693,-1.757653216110642,-1.4063607221900802,-1.3266760084964107,-1.7679313981893197,-1.1818266163965752,-0.7037947874229662,1.4703929189058207,-0.7378357164040952,-0.7217427156047488,-0.7459358105514408,1.5275252316519468,-1.0672569667868559,1.0672569667868559,2.3804761428476167,-0.3648896763690086,-0.4404881959216032,-0.45457287727508316,-0.39081677569083867,-0.41181384541422816,-0.37145670723316654,-0.4445276036638913,-0.45457287727508316,2.1164716050054913,-0.46852128566581813,-0.41388775612546336,-0.42828956637154025,-0.8466039200386997,-0.3263444370031949,-0.803797570896693,3.1091263510296048,-0.5850486126764433,1.0408329997330663,-0.6004533434723092,-0.4882520792370033,-0.5252780838667739,-0.3379439718854365,-0.49217479094801325,1.5505661285959187,-0.3648896763690086,-0.5869734364739604,-0.15171652122725207,-0.1904453466268301,-0.5658020972047736,2.862761306649679,-0.5272146351966106,-1.5646967316604727,1.5646967316604727,0.6820567903052247,-0.6820567903052247
0.5077066398667968,0.9255636126919463,-0.5634952752427469,-0.5691427123775156,1.429188232122771,-0.20742413513940744,1.6879622122837334,-0.7653444561645869,-0.6139513960366512,2.2671957664857927,1.9750323649012345,-1.0417292840034291,-0.8052786056350467,-0.47764069333284487,-0.887077899282369,0.948608383392306,0.35237256408618034,-0.8217921024602357,1.2143075666930414,-1.3490379056052866,0.2670901940593331,-0.15645331672206356,-0.14817683412486665,0.45208716636099117,-1.6879622122837514,1.4208687217784413,-0.6800903262946482,-0.7378357164040952,-0.7217427156047488,1.3405979252567854,-0.6546536707079772,-1.0672569667868559,1.0672569667868559,-0.42008402520840293,-0.3648896763690086,-0.4404881959216032,-0.45457287727508316,-0.39081677569083867,2.428281640201139,-0.37145670723316654,-0.4445276036638913,-0.45457287727508316,-0.4724844867443451,-0.46852128566581813,-0.41388775612546336,2.3348689263480744,-0.8466039200386997,-0.3263444370031949,1.244094329477047,-0.3216337604513384,1.7092596723292166,-0.9607689228305227,-0.6004533434723092,-0.4882520792370033,-0.5252780838667739,-0.3379439718854365,-0.49217479094801325,1.5505661285959187,-0.3648896763690086,1.7036546083024704,-0.15171652122725207,-0.1904453466268301,-0.5658020972047736,-0.34931309071321465,-0.5272146351966106,0.639101481945827,-0.6391014819458268,-1.4661535728608373,1.4661535728608373
1.2159827243842767,-0.9084057619720256,2.2079633969491717,-1.1370887522362325,1.034503351708362,-0.20742413513940744,0.8444028858051061,0.26542248816482317,1.6287934296680107,1.453102237914019,1.7553860325288166,1.3785517243298042,-1.1840137455611557,-0.47764069333284487,1.7407254054225243,-1.4927273492236128,1.2219809484633861,1.1406965004298797,-1.202224904337887,-1.3490379056052866,0.7150619014572903,2.1249310738409184,-0.279121186832816,0.5287824855844846,-0.8444028858051242,1.4208687217784413,-0.6800903262946482,-0.7378357164040952,1.385535286160941,-0.7459358105514408,-0.6546536707079772,-1.0672569667868559,1.0672569667868559,-0.42008402520840293,-0.3648896763690086,2.2702083943651856,-0.45457287727508316,-0.39081677569083867,-0.41181384541422816,-0.37145670723316654,-0.4445276036638913,-0.45457287727508316,2.1164716050054913,-0.46852128566581813,-0.41388775612546336,-0.42828956637154025,1.1811899004132755,-0.3263444370031949,-0.803797570896693,-0.3216337604513384,-0.5850486126764433,1.0408329997330663,-0.6004533434723092,2.048122358357819,-0.5252780838667739,-0.3379439718854365,-0.49217479094801325,-0.6449257349027273,-0.3648896763690086,-0.5869734364739604,-0.15171652122725207,-0.1904453466268301,1.7674024273509938,-0.34931309071321465,-0.5272146351966106,0.639101481945827,-0.6391014819458268,-1.4661535728608373,1.4661535728608373
-1.3987902011185063,0.7844890454101029,0.2892612392778437,-1.2681532229728594,-1.585611300432363,-0.20742413513940744,-1.348851363039325,-1.7961114004939969,-0.6139513960366512,0.30636834282904707,0.21786170592189197,-0.2349689478923514,0.278353458836015,2.6253614907320406,0.9708187975791375,0.72308910017412,1.5118504099224548,-0.8217921024602357,-1.202224904337887,0.46175122943536656,-1.5296016125920449,-1.1555702395395397,-1.3287220140074723,-1.5119348597000914,1.3488513630393064,-0.7037947874229662,-0.6800903262946482,1.3553152521181606,-0.7217427156047488,1.3405979252567854,-0.6546536707079772,0.9369814684936247,-0.9369814684936247,-0.42008402520840293,-0.3648896763690086,-0.4404881959216032,2.199867281995475,-0.39081677569083867,-0.41181384541422816,-0.37145670723316654,-0.4445276036638913,-0.45457287727508316,2.1164716050054913,-0.46852128566581813,-0.41388775612546336,-0.42828956637154025,-0.8466039200386997,3.064247116276752,-0.803797570896693,-0.3216337604513384,-0.5850486126764433,1.0408329997330663,-0.6004533434723092,-0.4882520792370033,-0.5252780838667739,-0.3379439718854365,-0.49217479094801325,1.5505661285959187,2.7405543778353203,-0.5869734364739604,-0.15171652122725207,-0.1904453466268301,-0.5658020972047736,-0.34931309071321465,-0.5272146351966106,0.639101481945827,-0.6391014819458268,-1.4661535728608373,1.4661535728608373
0.0035898947082668425,1.292357487624741,-0.7852119690181002,-0.7963211283210021,1.3591455632041576,-0.20742413513940744,-1.348851363039325,1.2961894324942331,-0.6139513960366512,0.05251122101634333,-0.44107729119536143,-0.2349689478923514,0.3645820408084799,-0.47764069333284487,0.7358707717114372,-2.3232110588524884,-0.08243162810242258,-0.8217921024602357,-1.202224904337887,0.46175122943536656,0.22273655966349576,-0.31420862032482294,-0.3077652639876799,0.47074278455048957,1.3488513630393064,1.4208687217784413,-0.6800903262946482,-0.7378357164040952,-0.7217427156047488,-0.7459358105514408,1.5275252316519468,-1.0672569667868559,1.0672569667868559,-0.42008402520840293,-0.3648896763690086,-0.4404881959216032,-0.45457287727508316,-0.39081677569083867,2.428281640201139,-0.37145670723316654,-0.4445276036638913,2.199867281995475,-0.4724844867443451,-0.46852128566581813,-0.41388775612546336,-0.42828956637154025,-0.8466039200386997,-0.3263444370031949,1.244094329477047,-0.3216337604513384,1.7092596723292166,-0.9607689228305227,-0.6004533434723092,2.048122358357819,-0.5252780838667739,-0.3379439718854365,-0.49217479094801325,-0.6449257349027273,-0.3648896763690086,-0.5869734364739604,-0.15171652122725207,-0.1904453466268301,-0.5658020972047736,-0.34931309071321465,1.8967606990406793,0.639101481945827,-0.6391014819458268,0.6820567903052247,-0.6820567903052247
0.8887822259835261,-0.9084057619720256,1.653671662510788,-0.5691427123775156,-1.4877739216254109,-0.20742413513940744,1.181826616396557,-0.7653444561645869,-0.6139513960366512,1.137969259112042,0.7669775368529365,-0.2349689478923514,-1.5785208920794433,2.182075464437057,-0.887077899282369,0.948608383392306,-1.3868442046682312,-0.8217921024602357,1.2143075666930414,-0.44364333808496004,0.19058017472651367,1.085364073176581,-0.19523496087928593,0.0385542964937764,-1.1818266163965752,1.4208687217784413,-0.6800903262946482,-0.7378357164040952,1.385535286160941,-0.7459358105514408,-0.6546536707079772,-1.0672569667868559,1.0672569667868559,-0.42008402520840293,-0.3648896763690086,-0.4404881959216032,-0.45457287727508316,2.5587437955607735,-0.41181384541422816,-0.37145670723316654,-0.4445276036638913,-0.45457287727508316,2.1164716050054913,-0.46852128566581813,-0.41388775612546336,-0.42828956637154025,-0.8466039200386997,-0.3263444370031949,1.244094329477047,-0.3216337604513384,-0.5850486126764433,1.0408329997330663,-0.6004533434723092,-0.4882520792370033,-0.5252780838667739,-0.3379439718854365,-0.49217479094801325,1.5505661285959187,-0.3648896763690086,-0.5869734364739604,-0.15171652122725207,-0.1904453466268301,-0.5658020972047736,-0.34931309071321465,1.8967606990406793,0.639101481945827,-0.6391014819458268,0.6820567903052247,-0.6820567903052247
0.15955068876898965,0.9255636126919463,-0.5634952752427469,-0.5691427123775156,-1.4277373482665994,-0.20742413513940744,-0.3365801712649722,-0.7653444561645869,-0.6139513960366512,0.6302550154866345,0.7669775368529365,1.3785517243298042,-0.6949573521753162,-0.47764069333284487,-0.887077899282369,-1.5714801147918682,0.7871767562747832,-0.8217921024602357,0.006041331177577327,0.46175122943536656,-0.028970315532881204,-0.3364561631405967,-0.3302713246093587,0.12924132935939367,0.3365801712649538,-0.7037947874229662,-0.6800903262946482,1.3553152521181606,1.385535286160941,-0.7459358105514408,-0.6546536707079772,-1.0672569667868559,1.0672569667868559,-0.42008402520840293,2.7405543778353203,-0.4404881959216032,-0.45457287727508316,-0.39081677569083867,-0.41181384541422816,-0.37145670723316654,2.249579085208177,-0.45457287727508316,-0.4724844867443451,-0.46852128566581813,-0.41388775612546336,-0.42828956637154025,-0.8466039200386997,-0.3263444370031949,1.244094329477047,-0.3216337604513384,1.7092596723292166,-0.9607689228305227,-0.6004533434723092,2.048122358357819,-0.5252780838667739,-0.3379439718854365,-0.49217479094801325,-0.6449257349027273,-0.3648896763690086,-0.5869734364739604,-0.15171652122725207,-0.1904453466268301,1.7674024273509938,-0.34931309071321465,-0.5272146351966106,0.639101481945827,-0.6391014819458268,0.6820567903052247,-0.6820567903052247
-0.5829013722564927,-1.408579227789472,0.8474291396913209,0.8765381163537641,-1.369183159435166,-0.20742413513940744,1.0131147511008316,1.2961894324942331,-0.6139513960366512,-0.28012914549685464,-0.6607236235677793,-0.2349689478923514,0.8352170616653966,2.182075464437057,0.6057457112308647,-0.5548535047289344,0.4973072948157146,1.1406965004298797,-1.202224904337887,-0.44364333808496004,-0.3874955268992331,0.041752064727557235,0.05233170595918077,-0.567235083048547,-1.0131147511008496,1.4208687217784413,-0.6800903262946482,-0.7378357164040952,1.385535286160941,-0.7459358105514408,-0.6546536707079772,0.9369814684936247,-0.9369814684936247,-0.42008402520840293,-0.3648896763690086,2.2702083943651856,-0.45457287727508316,-0.39081677569083867,-0.41181384541422816,-0.37145670723316654,-0.4445276036638913,-0.45457287727508316,-0.4724844867443451,-0.46852128566581813,-0.41388775612546336,2.3348689263480744,1.1811899004132755,-0.3263444370031949,-0.803797570896693,-0.3216337604513384,-0.5850486126764433,-0.9607689228305227,1.6654083300081026,2.048122358357819,-0.5252780838667739,-0.3379439718854365,-0.49217479094801325,-0.6449257349027273,-0.3648896763690086,1.7036546083024704,-0.15171652122725207,-0.1904453466268301,-0.5658020972047736,-0.34931309071321465,-0.5272146351966106,0.639101481945827,-0.6391014819458268,0.6820567903052247,-0.6820567903052247
0.884707880659537,0.9255636126919463,-0.5634952752427469,-0.5691427123775156,-0.04837854554131251,-0.20742413513940744,0.0008435593264787592,0.26542248816482317,1.6287934296680107,0.9278806065773906,0.9866238692253543,-0.2349689478923514,-1.7098300913193185,-0.47764069333284487,-0.887077899282369,0.948608383392306,1.3669156791929205,-0.8217921024602357,0.006041331177577327,-1.3490379056052866,0.11074363281400645,-0.2515109996621878,-0.24433909314476693,0.2815955445736307,-0.0008435593264970404,-0.7037947874229662,-0.6800903262946482,1.3553152521181606,1.385535286160941,-0.7459358105514408,-0.6546536707079772,0.9369814684936247,-0.9369814684936247,-0.42008402520840293,-0.3648896763690086,-0.4404881959216032,-0.45457287727508316,-0.39081677569083867,2.428281640201139,-0.37145670723316654,-0.4445276036638913,-0.45457287727508316,2.1164716050054913,-0.46852128566581813,-0.41388775612546336,-0.42828956637154025,-0.8466039200386997,-0.3263444370031949,1.244094329477047,-0.3216337604513384,1.7092596723292166,-0.9607689228305227,-0.6004533434723092,-0.4882520792370033,-0.5252780838667739,-0.3379439718854365,-0.49217479094801325,1.5505661285959187,2.7405543778353203,-0.5869734364739604,-0.15171652122725207,-0.1904453466268301,-0.5658020972047736,-0.34931309071321465,-0.5272146351966106,-1.5646967316604727,1.5646967316604727,0.6820567903052247,-0.6820567903052247
0.19037551144119821,-0.4851820601264935,0.2892612392778437,0.3046204258666646,1.2724260683525408,-0.20742413513940744,-0.5052920365606977,1.2961894324942331,-0.6139513960366512,0.4989496076524774,0.7669775368529365,-0.2349689478923514,-0.05211354543003927,-0.47764069333284487,-0.887077899282369,0.948608383392306,-0.08243162810242258,-0.8217921024602357,0.006041331177577327,-1.3490379056052866,0.2770697617983965,0.3653526875024483,0.3796925877290541,0.19868168595363775,0.5052920365606793,1.4208687217784413,-0.6800903262946482,-0.7378357164040952,-0.7217427156047488,-0.7459358105514408,1.5275252316519468,-1.0672569667868559,1.0672569667868559,-0.42008402520840293,-0.3648896763690086,-0.4404881959216032,-0.45457287727508316,2.5587437955607735,-0.41181384541422816,-0.37145670723316654,-0.4445276036638913,-0.45457287727508316,-0.4724844867443451,2.1343747458109497,-0.41388775612546336,-0.42828956637154025,-0.8466039200386997,-0.3263444370031949,1.244094329477047,-0.3216337604513384,1.7092596723292166,-0.9607689228305227,-0.6004533434723092,-0.4882520792370033,1.9037535178292901,-0.3379439718854365,-0.49217479094801325,-0.6449257349027273,-0.3648896763690086,1.7036546083024704,-0.15171652122725207,-0.1904453466268301,-0.5658020972047736,-0.34931309071321465,-0.5272146351966106,-1.5646967316604727,1.5646967316604727,0.6820567903052247,-0.6820567903052247
-0.27148986915436724,1.292357487624741,-0.7852119690181002,-0.7963211283210021,-1.321005662295379,-0.20742413513940744,-0.3365801712649722,-0.7653444561645869,-0.6139513960366512,-1.2255280819027856,-1.1000162883126148,1.3785517243298042,-0.23148389861616078,-0.47764069333284487,-0.887077899282369,-1.2493097101944597,-1.0969747432091628,-0.8217921024602357,0.006041331177577327,0.46175122943536656,-0.31320318928620555,-0.6074716847145679,-0.6044360630916276,-0.13038269044445921,0.3365801712649538,-0.7037947874229662,-0.6800903262946482,1.3553152521181606,-0.7217427156047488,1.3405979252567854,-0.6546536707079772,-1.0672569667868559,1.0672569667868559,-0.42008402520840293,-0.3648896763690086,2.2702083943651856,-0.45457287727508316,-0.39081677569083867,-0.41181384541422816,-0.37145670723316654,-0.4445276036638913,-0.45457287727508316,2.1164716050054913,-0.46852128566581813,-0.41388775612546336,-0.42828956637154025,-0.8466039200386997,-0.3263444370031949,1.244094329477047,-0.3216337604513384,-0.5850486126764433,-0.9607689228305227,1.6654083300081026,2.048122358357819,-0.5252780838667739,-0.3379439718854365,-0.49217479094801325,-0.6449257349027273,-0.3648896763690086,-0.5869734364739604,-0.15171652122725207,-0.1904453466268301,-0.5658020972047736,2.862761306649679,-0.5272146351966106,0.639101481945827,-0.6391014819458268,0.6820567903052247,-0.6820567903052247
1.7737170045090136,-0.9084057619720256,2.2079633969491717,-1.1370887522362325,1.325050719074462,-0.20742413513940744,-0.1678683059692467,1.2961894324942331,-0.6139513960366512,0.46393483223003557,0.4375080382943098,-0.2349689478923514,-1.1730023183865632,-0.47764069333284487,0.9961208926725821,0.948608383392306,-1.6767136661272999,-0.8217921024602357,-1.202224904337887,-0.44364333808496004,1.22512869700942,2.822694916699277,-0.04383055306071952,1.005537172649444,0.1678683059692284,-0.7037947874229662,1.4703929189058207,-0.7378357164040952,1.385535286160941,-0.7459358105514408,-0.6546536707079772,0.9369814684936247,-0.9369814684936247,-0.42008402520840293,-0.3648896763690086,-0.4404881959216032,2.199867281995475,-0.39081677569083867,-0.41181384541422816,-0.37145670723316654,-0.4445276036638913,-0.45457287727508316,2.1164716050054913,-0.46852128566581813,-0.41388775612546336,-0.42828956637154025,-0.8466039200386997,-0.3263444370031949,1.244094329477047,-0.3216337604513384,-0.5850486126764433,1.0408329997330663,-0.6004533434723092,-0.4882520792370033,-0.5252780838667739,-0.3379439718854365,-0.49217479094801325,1.5505661285959187,-0.3648896763690086,-0.5869734364739604,-0.15171652122725207,-0.1904453466268301,-0.5658020972047736,2.862761306649679,-0.5272146351966106,0.639101481945827,-0.6391014819458268,-1.4661535728608373,1.4661535728608373
-1.576388456923972,0.9255636126919463,-0.5634952752427469,-0.5691427123775156,-0.9548566840329975,-0.20742413513940744,-0.3365801712649722,-1.7961114004939969,-0.6139513960366512,-0.9454098785232505,-1.3196626206850326,-0.2349689478923514,1.543674071687849,-0.47764069333284487,-0.887077899282369,0.948608383392306,-1.0969747432091628,-0.8217921024602357,0.006041331177577327,0.46175122943536656,-1.705537695695533,-1.3557981248815036,-1.3614581021844596,-1.6990092532114505,0.3365801712649538,1.4208687217784413,-0.6800903262946482,-0.7378357164040952,1.385535286160941,-0.7459358105514408,-0.6546536707079772,0.9369814684936247,-0.9369814684936247,-0.42008402520840293,-0.3648896763690086,2.2702083943651856,-0.45457287727508316,-0.39081677569083867,-0.41181384541422816,-0.37145670723316654,-0.4445276036638913,-0.45457287727508316,-0.4724844867443451,-0.46852128566581813,-0.41388775612546336,2.3348689263480744,-0.8466039200386997,3.064247116276752,-0.803797570896693,-0.3216337604513384,-0.5850486126764433,1.0408329997330663,-0.6004533434723092,-0.4882520792370033,-0.5252780838667739,-0.3379439718854365,-0.49217479094801325,1.5505661285959187,-0.3648896763690086,-0.5869734364739604,-0.15171652122725207,-0.1904453466268301,-0.5658020972047736,-0.34931309071321465,1.8967606990406793,0.639101481945827,-0.6391014819458268,0.6820567903052247,-0.6820567903052247
-1.5699586955810214,-1.408579227789472,0.8474291396913209,0.8765381163537641,0.005357893576142246,-0.20742413513940744,1.181826616396557,-0.7653444561645869,-0.6139513960366512,-0.8403655522559249,-0.8803699559401971,1.3785517243298042,-0.6050444956970662,2.182075464437057,1.0214229877660268,-0.9951530576787261,-0.9520400124796283,-0.8217921024602357,0.006041331177577327,1.367145796955693,-1.769850465569497,-1.3335505820657299,-1.338952041562781,-1.800578730020942,-1.1818266163965752,-0.7037947874229662,1.4703929189058207,-0.7378357164040952,-0.7217427156047488,1.3405979252567854,-0.6546536707079772,0.9369814684936247,-0.9369814684936247,-0.42008402520840293,-0.3648896763690086,-0.4404881959216032,-0.45457287727508316,-0.39081677569083867,-0.41181384541422816,2.6921037647929493,-0.4445276036638913,-0.45457287727508316,-0.4724844867443451,2.1343747458109497,-0.41388775612546336,-0.42828956637154025,-0.8466039200386997,3.064247116276752,-0.803797570896693,-0.3216337604513384,-0.5850486126764433,1.0408329997330663,-0.6004533434723092,-0.4882520792370033,-0.5252780838667739,2.9590703879724805,-0.49217479094801325,-0.6449257349027273,-0.3648896763690086,-0.5869734364739604,-0.15171652122725207,-0.1904453466268301,1.7674024273509938,-0.34931309071321465,-0.5272146351966106,0.639101481945827,-0.6391014819458268,0.6820567903052247,-0.6820567903052247
0.6332928803464904,-1.408579227789472,2.661474816035122,-0.9821943777293095,0.21993305391411674,-0.20742413513940744,-1.1801394977435995,-0.7653444561645869,-0.6139513960366512,-0.5865084304432212,-0.5509004573815703,-0.2349689478923514,0.3110979659604599,-0.47764069333284487,-0.887077899282369,-1.8077384114966346,-1.6767136661272999,1.1406965004298797,-1.202224904337887,-1.3490379056052866,0.9785964124925572,2.846964963407394,-0.035646531016472686,0.6515986386653492,1.180139497743581,-0.7037947874229662,1.4703929189058207,-0.7378357164040952,-0.7217427156047488,1.3405979252567854,-0.6546536707079772,-1.0672569667868559,1.0672569667868559,-0.42008402520840293,-0.3648896763690086,-0.4404881959216032,-0.45457287727508316,-0.39081677569083867,-0.41181384541422816,2.6921037647929493,2.249579085208177,-0.45457287727508316,-0.4724844867443451,-0.46852128566581813,-0.41388775612546336,-0.42828956637154025,1.1811899004132755,-0.3263444370031949,-0.803797570896693,-0.3216337604513384,1.7092596723292166,-0.9607689228305227,-0.6004533434723092,-0.4882520792370033,-0.5252780838667739,-0.3379439718854365,-0.49217479094801325,1.5505661285959187,-0.3648896763690086,1.7036546083024704,-0.15171652122725207,-0.1904453466268301,-0.5658020972047736,-0.34931309071321465,-0.5272146351966106,0.639101481945827,-0.6391014819458268,0.6820567903052247,-0.6820567903052247
0.9106582373490748,-0.9084057619720256,-0.5634952752427469,1.702641447057352,-1.3028464518349976,-0.20742413513940744,-0.8427157671521486,1.2961894324942331,-0.6139513960366512,-1.269296551180838,0.10803853973568307,1.3785517243298042,-1.9703372763182254,-0.47764069333284487,1.4334856792878394,-0.20762540199617166,-1.6767136661272999,1.1406965004298797,-1.202224904337887,0.46175122943536656,-0.0223172703735056,-0.33241115535591054,0.8461818442511236,-0.16043896419420664,0.8427157671521301,1.4208687217784413,-0.6800903262946482,-0.7378357164040952,-0.7217427156047488,1.3405979252567854,-0.6546536707079772,-1.0672569667868559,1.0672569667868559,-0.42008402520840293,2.7405543778353203,-0.4404881959216032,-0.45457287727508316,-0.39081677569083867,-0.41181384541422816,-0.37145670723316654,-0.4445276036638913,-0.45457287727508316,2.1164716050054913,-0.46852128566581813,-0.41388775612546336,-0.42828956637154025,1.1811899004132755,-0.3263444370031949,-0.803797570896693,-0.3216337604513384,1.7092596723292166,-0.9607689228305227,-0.6004533434723092,2.048122358357819,-0.5252780838667739,-0.3379439718854365,-0.49217479094801325,-0.6449257349027273,-0.3648896763690086,-0.5869734364739604,6.591239977761729,-0.1904453466268301,-0.5658020972047736,-0.34931309071321465,-0.5272146351966106,0.639101481945827,-0.6391014819458268,0.6820567903052247,-0.6820567903052247
0.8253514494462227,0.09194116966286865,-0.9666165366524804,0.8765381163537641,1.1467939796572502,-0.20742413513940744,-1.011427632447874,0.26542248816482317,1.6287934296680107,0.18381662885050043,0.21786170592189197,1.3785517243298042,-0.6400658016734012,-0.47764069333284487,0.6021311262175155,-0.3472325773217154,1.2219809484633861,1.1406965004298797,1.2143075666930414,0.46175122943536656,0.6736651760211755,-0.19690339456892492,1.1203465827333925,0.7111929745484691,1.0114276324478555,-0.7037947874229662,-0.6800903262946482,1.3553152521181606,-0.7217427156047488,-0.7459358105514408,1.5275252316519468,-1.0672569667868559,1.0672569667868559,-0.42008402520840293,-0.3648896763690086,2.2702083943651856,-0.45457287727508316,-0.39081677569083867,-0.41181384541422816,-0.37145670723316654,-0.4445276036638913,-0.45457287727508316,-0.4724844867443451,-0.46852128566581813,2.4161139951597566,-0.42828956637154025,1.1811899004132755,-0.3263444370031949,-0.803797570896693,-0.3216337604513384,-0.5850486126764433,-0.9607689228305227,1.6654083300081026,-0.4882520792370033,-0.5252780838667739,-0.3379439718854365,-0.49217479094801325,1.5505661285959187,-0.3648896763690086,1.7036546083024704,-0.15171652122725207,-0.1904453466268301,-0.5658020972047736,-0.34931309071321465,-0.5272146351966106,0.639101481945827,-0.6391014819458268,0.6820567903052247,-0.6820567903052247
-1.6216779039508968,0.9255636126919463,-0.5634952752427469,-0.5691427123775156,-1.12903686599992,-0.20742413513940744,-1.686275093630776,-0.7653444561645869,-0.6139513960366512,-0.03502571753976139,0.10803853973568307,-0.2349689478923514,0.749857802890925,-0.47764069333284487,0.7503291117648342,0.21835546630484645,-0.37230108956149116,-0.8217921024602357,-1.202224904337887,-1.3490379056052866,-1.792027282767416,-1.4083832260824234,-1.414654245472064,-1.7933237673916926,1.6862750936307573,1.4208687217784413,-0.6800903262946482,-0.7378357164040952,1.385535286160941,-0.7459358105514408,-0.6546536707079772,0.9369814684936247,-0.9369814684936247,-0.42008402520840293,-0.3648896763690086,2.2702083943651856,-0.45457287727508316,-0.39081677569083867,-0.41181384541422816,-0.37145670723316654,-0.4445276036638913,-0.45457287727508316,2.1164716050054913,-0.46852128566581813,-0.41388775612546336,-0.42828956637154025,-0.8466039200386997,-0.3263444370031949,-0.803797570896693,3.1091263510296048,-0.5850486126764433,1.0408329997330663,-0.6004533434723092,-0.4882520792370033,-0.5252780838667739,-0.3379439718854365,-0.49217479094801325,1.5505661285959187,-0.3648896763690086,-0.5869734364739604,-0.15171652122725207,-0.1904453466268301,-0.5658020972047736,2.862761306649679,-0.5272146351966106,0.639101481945827,-0.6391014819458268,0.6820567903052247,-0.6820567903052247
0.6924016285393444,-0.9084057619720256,1.653671662510788,-0.5691427123775156,0.13173117453512204,-0.20742413513940744,0.6756910205093806,1.2961894324942331,-0.6139513960366512,-0.9279024908120296,-1.4294857868712416,1.3785517243298042,-0.7289851459253722,-0.47764069333284487,-0.887077899282369,-0.15751000572546364,0.207437833356646,0.15945219898482196,-1.202224904337887,-0.44364333808496004,0.4899672068984158,1.4494147737983334,-0.011094464883732188,0.31838856933625254,-0.6756910205093988,-0.7037947874229662,1.4703929189058207,-0.7378357164040952,-0.7217427156047488,-0.7459358105514408,1.5275252316519468,-1.0672569667868559,1.0672569667868559,-0.42008402520840293,-0.3648896763690086,-0.4404881959216032,2.199867281995475,-0.39081677569083867,-0.41181384541422816,-0.37145670723316654,-0.4445276036638913,-0.45457287727508316,2.1164716050054913,-0.46852128566581813,-0.41388775612546336,-0.42828956637154025,1.1811899004132755,-0.3263444370031949,-0.803797570896693,-0.3216337604513384,1.7092596723292166,-0.9607689228305227,-0.6004533434723092,-0.4882520792370033,-0.5252780838667739,-0.3379439718854365,-0.49217479094801325,1.5505661285959187,-0.3648896763690086,-0.5869734364739604,-0.15171652122725207,-0.1904453466268301,-0.5658020972047736,-0.34931309071321465,1.8967606990406793,0.639101481945827,-0.6391014819458268,-1.4661535728608373,1.4661535728608373
0.4864069356466576,1.292357487624741,-0.7852119690181002,-0.7963211283210021,1.1434586144706496,-0.20742413513940744,0.0008435593264787592,0.26542248816482317,1.6287934296680107,-0.7003064505661574,-1.1000162883126148,-1.0417292840034291,0.18016133380544003,-0.47764069333284487,-0.887077899282369,0.948608383392306,0.35237256408618034,1.1406965004298797,-1.202224904337887,1.367145796955693,0.7328033552156252,-0.035103083181479394,-0.025416503461164145,1.042848409028441,-0.0008435593264970404,-0.7037947874229662,-0.6800903262946482,1.3553152521181606,-0.7217427156047488,-0.7459358105514408,1.5275252316519468,-1.0672569667868559,1.0672569667868559,-0.42008402520840293,-0.3648896763690086,-0.4404881959216032,-0.45457287727508316,-0.39081677569083867,2.428281640201139,-0.37145670723316654,2.249579085208177,-0.45457287727508316,-0.4724844867443451,-0.46852128566581813,-0.41388775612546336,-0.42828956637154025,1.1811899004132755,-0.3263444370031949,-0.803797570896693,-0.3216337604513384,-0.5850486126764433,-0.9607689228305227,1.6654083300081026,-0.4882520792370033,-0.5252780838667739,-0.3379439718854365,-0.49217479094801325,1.5505661285959187,-0.3648896763690086,-0.5869734364739604,-0.15171652122725207,-0.1904453466268301,-0.5658020972047736,2.862761306649679,-0.5272146351966106,0.639101481945827,-0.6391014819458268,-1.4661535728608373,1.4661535728608373
-1.4182040955406447,0.09194116966286865,-0.9666165366524804,0.8765381163537641,1.5926211262662024,-0.20742413513940744,-1.1801394977435995,-1.7961114004939969,-0.6139513960366512,1.6982056658711122,1.7553860325288166,-1.0417292840034291,-1.6393321195962705,-0.47764069333284487,1.6214440999819997,0.948608383392306,-0.6621705510205598,-0.8217921024602357,1.2143075666930414,1.367145796955693,-1.6844697193575102,-1.369955652127905,-1.253019810098189,-1.693308925431326,1.180139497743581,-0.7037947874229662,-0.6800903262946482,1.3553152521181606,-0.7217427156047488,1.3405979252567854,-0.6546536707079772,-1.0672569667868559,1.0672569667868559,-0.42008402520840293,-0.3648896763690086,2.2702083943651856,-0.45457287727508316,-0.39081677569083867,-0.41181384541422816,-0.37145670723316654,-0.4445276036638913,-0.45457287727508316,-0.4724844867443451,-0.46852128566581813,2.4161139951597566,-0.42828956637154025,-0.8466039200386997,-0.3263444370031949,-0.803797570896693,3.1091263510296048,-0.5850486126764433,1.0408329997330663,-0.6004533434723092,-0.4882520792370033,-0.5252780838667739,-0.3379439718854365,-0.49217479094801325,1.5505661285959187,-0.3648896763690086,-0.5869734364739604,-0.15171652122725207,-0.1904453466268301,1.7674024273509938,-0.34931309071321465,-0.5272146351966106,0.639101481945827,-0.6391014819458268,0.6820567903052247,-0.6820567903052247
-1.4686209392624836,-0.4851820601264935,0.2892612392778437,0.3046204258666646,1.0419152743452522,-0.20742413513940744,0.3382672899179297,-0.7653444561645869,-0.6139513960366512,-0.08754788067342423,-0.5509004573815703,-0.2349689478923514,0.6836236544723248,-0.47764069333284487,1.1117876130997575,-0.4080869870790037,-1.6767136661272999,-0.8217921024602357,-1.202224904337887,1.367145796955693,-1.5920663143661824,-1.2081553407404595,-1.2120996998769549,-1.6155771829750827,-0.3382672899179479,-0.7037947874229662,1.4703929189058207,-0.7378357164040952,1.385535286160941,-0.7459358105514408,-0.6546536707079772,-1.0672569667868559,1.0672569667868559,2.3804761428476167,-0.3648896763690086,-0.4404881959216032,-0.45457287727508316,-0.39081677569083867,-0.41181384541422816,-0.37145670723316654,-0.4445276036638913,2.199867281995475,-0.4724844867443451,-0.46852128566581813,-0.41388775612546336,-0.42828956637154025,-0.8466039200386997,-0.3263444370031949,-0.803797570896693,3.1091263510296048,-0.5850486126764433,1.0408329997330663,-0.6004533434723092,-0.4882520792370033,-0.5252780838667739,2.9590703879724805,-0.49217479094801325,-0.6449257349027273,-0.3648896763690086,-0.5869734364739604,-0.15171652122725207,-0.1904453466268301,-0.5658020972047736,-0.34931309071321465,1.8967606990406793,-1.5646967316604727,1.5646967316604727,0.6820567903052247,-0.6820567903052247
0.56030110886989,-0.35821494957283445,-0.7852119690181002,1.248284615170379,1.0426564666089413,4.8210397470280455,-1.1801394977435995,0.26542248816482317,1.6287934296680107,-1.5931832238384256,-1.1000162883126148,1.3785517243298042,-0.0810495890204153,2.182075464437057,-0.887077899282369,-1.0631668097604012,0.35237256408618034,-0.8217921024602357,1.2143075666930414,1.367145796955693,0.688449720819788,-0.05937312988959623,1.3986033322377849,0.6262062694629763,1.180139497743581,-0.7037947874229662,1.4703929189058207,-0.7378357164040952,-0.7217427156047488,1.3405979252567854,-0.6546536707079772,-1.0672569667868559,1.0672569667868559,-0.42008402520840293,-0.3648896763690086,-0.4404881959216032,-0.45457287727508316,2.5587437955607735,-0.41181384541422816,-0.37145670723316654,-0.4445276036638913,-0.45457287727508316,2.1164716050054913,-0.46852128566581813,-0.41388775612546336,-0.42828956637154025,-0.8466039200386997,-0.3263444370031949,1.244094329477047,-0.3216337604513384,-0.5850486126764433,1.0408329997330663,-0.6004533434723092,2.048122358357819,-0.5252780838667739,-0.3379439718854365,-0.49217479094801325,-0.6449257349027273,-0.3648896763690086,-0.5869734364739604,-0.15171652122725207,-0.1904453466268301,1.7674024273509938,-0.34931309071321465,-0.5272146351966106,0.639101481945827,-0.6391014819458268,0.6820567903052247,-0.6820567903052247
1.1970763792755736,-0.35821494957283445,1.2102382749600813,-0.7963211283210021,0.2447629947476993,-0.20742413513940744,-0.8427157671521486,-0.7653444561645869,-0.6139513960366512,0.6302550154866345,0.6571543706667275,-1.0417292840034291,-1.2836961389311488,-0.47764069333284487,0.7214124316580403,-1.2493097101944597,-0.08243162810242258,1.1406965004298797,-1.202224904337887,0.46175122943536656,0.6330076778249912,1.3118845091190046,-0.08065865225983027,0.5717940497436059,0.8427157671521301,1.4208687217784413,-0.6800903262946482,-0.7378357164040952,-0.7217427156047488,-0.7459358105514408,1.5275252316519468,0.9369814684936247,-0.9369814684936247,-0.42008402520840293,-0.3648896763690086,2.2702083943651856,-0.45457287727508316,-0.39081677569083867,-0.41181384541422816,-0.37145670723316654,-0.4445276036638913,-0.45457287727508316,-0.4724844867443451,-0.46852128566581813,-0.41388775612546336,2.3348689263480744,1.1811899004132755,-0.3263444370031949,-0.803797570896693,-0.3216337604513384,1.7092596723292166,-0.9607689228305227,-0.6004533434723092,-0.4882520792370033,1.9037535178292901,-0.3379439718854365,-0.49217479094801325,-0.6449257349027273,-0.3648896763690086,-0.5869734364739604,-0.15171652122725207,-0.1904453466268301,1.7674024273509938,-0.34931309071321465,-0.5272146351966106,0.639101481945827,-0.6391014819458268,0.6820567903052247,-0.6820567903052247
0.22467379870877835,0.9255636126919463,-0.5634952752427469,-0.5691427123775156,-0.5127354987424905,-0.20742413513940744,-0.1678683059692467,1.2961894324942331,-0.6139513960366512,-0.8403655522559249,-0.8803699559401971,1.3785517243298042,-0.34151537767656015,-0.47764069333284487,-0.887077899282369,0.948608383392306,0.35237256408618034,-0.8217921024602357,-1.202224904337887,0.46175122943536656,0.19058017472651367,-0.20297090624595412,-0.19523496087928593,0.36865509612462327,0.1678683059692284,-0.7037947874229662,1.4703929189058207,-0.7378357164040952,-0.7217427156047488,-0.7459358105514408,1.5275252316519468,-1.0672569667868559,1.0672569667868559,-0.42008402520840293,-0.3648896763690086,-0.4404881959216032,-0.45457287727508316,-0.39081677569083867,2.428281640201139,-0.37145670723316654,-0.4445276036638913,2.199867281995475,-0.4724844867443451,-0.46852128566581813,-0.41388775612546336,-0.42828956637154025,-0.8466039200386997,-0.3263444370031949,1.244094329477047,-0.3216337604513384,-0.5850486126764433,1.0408329997330663,-0.6004533434723092,-0.4882520792370033,1.9037535178292901,-0.3379439718854365,-0.49217479094801325,-0.6449257349027273,-0.3648896763690086,1.7036546083024704,-0.15171652122725207,-0.1904453466268301,-0.5658020972047736,-0.34931309071321465,-0.5272146351966106,0.639101481945827,-0.6391014819458268,0.6820567903052247,-0.6820567903052247
-1.5280324267575935,-0.9084057619720256,1.653671662510788,-0.5691427123775156,-1.0412055827527698,-0.20742413513940744,1.3505384816922825,-1.7961114004939969,-0.6139513960366512,0.5514717707861403,0.10803853973568307,-1.0417292840034291,-0.4250118010267584,1.7387894381420732,-0.887077899282369,-0.3114358656997811,-0.9520400124796283,-0.8217921024602357,-1.202224904337887,0.46175122943536656,-1.7188437860142842,-1.2364703952332625,-1.3696421242287065,-1.7461665103015716,-1.3505384816923005,1.4208687217784413,-0.6800903262946482,-0.7378357164040952,-0.7217427156047488,1.3405979252567854,-0.6546536707079772,-1.0672569667868559,1.0672569667868559,-0.42008402520840293,-0.3648896763690086,-0.4404881959216032,2.199867281995475,-0.39081677569083867,-0.41181384541422816,-0.37145670723316654,-0.4445276036638913,-0.45457287727508316,-0.4724844867443451,-0.46852128566581813,-0.41388775612546336,2.3348689263480744,-0.8466039200386997,3.064247116276752,-0.803797570896693,-0.3216337604513384,-0.5850486126764433,1.0408329997330663,-0.6004533434723092,-0.4882520792370033,-0.5252780838667739,-0.3379439718854365,-0.49217479094801325,1.5505661285959187,-0.3648896763690086,1.7036546083024704,-0.15171652122725207,-0.1904453466268301,-0.5658020972047736,-0.34931309071321465,-0.5272146351966106,0.639101481945827,-0.6391014819458268,0.6820567903052247,-0.6820567903052247
-0.4259934430513939,2.530286815522921,-2.7806622129962815,-0.285169692448157,-0.5071765567648228,-0.20742413513940744,0.0008435593264787592,0.26542248816482317,1.6287934296680107,-0.7790896952666516,-0.8803699559401971,-0.2349689478923514,-0.8549542169489969,-0.47764069333284487,-0.887077899282369,0.948608383392306,0.9321114870043176,1.1406965004298797,-1.202224904337887,1.367145796955693,-0.6658145827331124,-1.491305885668489,-0.6248961182022447,-0.39311597994656183,-0.0008435593264970404,-0.7037947874229662,-0.6800903262946482,1.3553152521181606,-0.7217427156047488,-0.7459358105514408,1.5275252316519468,0.9369814684936247,-0.9369814684936247,2.3804761428476167,-0.3648896763690086,-0.4404881959216032,-0.45457287727508316,-0.39081677569083867,-0.41181384541422816,-0.37145670723316654,-0.4445276036638913,2.199867281995475,-0.4724844867443451,-0.46852128566581813,-0.41388775612546336,-0.42828956637154025,1.1811899004132755,-0.3263444370031949,-0.803797570896693,-0.3216337604513384,-0.5850486126764433,-0.9607689228305227,1.6654083300081026,2.048122358357819,-0.5252780838667739,-0.3379439718854365,-0.49217479094801325,-0.6449257349027273,-0.3648896763690086,-0.5869734364739604,-0.15171652122725207,-0.1904453466268301,-0.5658020972047736,-0.34931309071321465,1.8967606990406793,-1.5646967316604727,1.5646967316604727,0.6820567903052247,-0.6820567903052247
-1.581831930392083,-0.35821494957283445,-0.7852119690181002,1.248284615170379,-0.6165024156589548,-0.20742413513940744,1.181826616396557,-0.7653444561645869,-0.6139513960366512,-0.6740453689993259,-0.5509004573815703,-1.0417292840034291,0.2557096593454059,-0.47764069333284487,1.7768712555560167,0.948608383392306,-0.5172358202910254,-0.8217921024602357,0.006041331177577327,1.367145796955693,-1.7546963071509194,-1.396248202728365,-1.3062159533857935,-1.7715588795039443,-1.1818266163965752,-0.7037947874229662,-0.6800903262946482,1.3553152521181606,-0.7217427156047488,-0.7459358105514408,1.5275252316519468,0.9369814684936247,-0.9369814684936247,2.3804761428476167,-0.3648896763690086,-0.4404881959216032,-0.45457287727508316,-0.39081677569083867,-0.41181384541422816,-0.37145670723316654,-0.4445276036638913,-0.45457287727508316,-0.4724844867443451,2.1343747458109497,-0.41388775612546336,-0.42828956637154025,-0.8466039200386997,-0.3263444370031949,-0.803797570896693,3.1091263510296048,-0.5850486126764433,1.0408329997330663,-0.6004533434723092,-0.4882520792370033,-0.5252780838667739,2.9590703879724805,-0.49217479094801325,-0.6449257349027273,2.7405543778353203,-0.5869734364739604,-0.15171652122725207,-0.1904453466268301,-0.5658020972047736,-0.34931309071321465,-0.5272146351966106,-1.5646967316604727,1.5646967316604727,0.6820567903052247,-0.6820567903052247
-1.6118533062914033,1.292357487624741,-0.7852119690181002,-0.7963211283210021,-0.035037084794909946,-0.20742413513940744,0.8444028858051061,-0.7653444561645869,-0.6139513960366512,0.11378707800561665,-0.0017846264505258322,-0.2349689478923514,1.1273096561914233,-0.47764069333284487,-0.887077899282369,0.948608383392306,-0.5172358202910254,-0.8217921024602357,1.2143075666930414,-0.44364333808496004,-1.769480851949532,-1.4043382182977373,-1.4105622344499407,-1.7637857052583201,-0.8444028858051242,-0.7037947874229662,1.4703929189058207,-0.7378357164040952,1.385535286160941,-0.7459358105514408,-0.6546536707079772,-1.0672569667868559,1.0672569667868559,-0.42008402520840293,2.7405543778353203,-0.4404881959216032,-0.45457287727508316,-0.39081677569083867,-0.41181384541422816,-0.37145670723316654,-0.4445276036638913,2.199867281995475,-0.4724844867443451,-0.46852128566581813,-0.41388775612546336,-0.42828956637154025,-0.8466039200386997,-0.3263444370031949,-0.803797570896693,3.1091263510296048,-0.5850486126764433,1.0408329997330663,-0.6004533434723092,-0.4882520792370033,-0.5252780838667739,2.9590703879724805,-0.49217479094801325,-0.6449257349027273,-0.3648896763690086,-0.5869734364739604,-0.15171652122725207,-0.1904453466268301,-0.5658020972047736,-0.34931309071321465,1.8967606990406793,0.639101481945827,-0.6391014819458268,-1.4661535728608373,1.4661535728608373
0.20681312294533813,0.09194116966286865,0.8474291396913209,-0.9821943777293095,0.24142762956109864,-0.20742413513940744,0.6756910205093806,0.26542248816482317,1.6287934296680107,-0.36766608405295936,-0.44107729119536143,1.3785517243298042,-0.55267812210361,-0.47764069333284487,-0.887077899282369,0.948608383392306,0.35237256408618034,-0.8217921024602357,-1.202224904337887,1.367145796955693,0.08006570235688562,0.5069279599664631,-0.48781374896111024,0.10592180662252065,-0.6756910205093988,1.4208687217784413,-0.6800903262946482,-0.7378357164040952,-0.7217427156047488,-0.7459358105514408,1.5275252316519468,0.9369814684936247,-0.9369814684936247,-0.42008402520840293,-0.3648896763690086,-0.4404881959216032,-0.45457287727508316,-0.39081677569083867,2.428281640201139,-0.37145670723316654,2.249579085208177,-0.45457287727508316,-0.4724844867443451,-0.46852128566581813,-0.41388775612546336,-0.42828956637154025,-0.8466039200386997,-0.3263444370031949,1.244094329477047,-0.3216337604513384,-0.5850486126764433,-0.9607689228305227,1.6654083300081026,-0.4882520792370033,-0.5252780838667739,-0.3379439718854365,-0.49217479094801325,1.5505661285959187,-0.3648896763690086,-0.5869734364739604,-0.15171652122725207,-0.1904453466268301,-0.5658020972047736,-0.34931309071321465,1.8967606990406793,-1.5646967316604727,1.5646967316604727,-1.4661535728608373,1.4661535728608373
0.14113798914083503,0.9255636126919463,-0.5634952752427469,-0.5691427123775156,-0.3029780881184947,-0.20742413513940744,1.6879622122837334,-0.7653444561645869,-0.6139513960366512,0.7440530356095707,0.7669775368529365,1.3785517243298042,-0.20337578188101743,-0.47764069333284487,-0.887077899282369,0.948608383392306,0.9321114870043176,-0.8217921024602357,-1.202224904337887,-0.44364333808496004,0.15731494892963566,-0.22319594516938482,-0.215695015989903,0.33238028297837635,-1.6879622122837514,1.4208687217784413,-0.6800903262946482,-0.7378357164040952,-0.7217427156047488,1.3405979252567854,-0.6546536707079772,-1.0672569667868559,1.0672569667868559,-0.42008402520840293,-0.3648896763690086,-0.4404881959216032,2.199867281995475,-0.39081677569083867,-0.41181384541422816,-0.37145670723316654,-0.4445276036638913,-0.45457287727508316,-0.4724844867443451,-0.46852128566581813,2.4161139951597566,-0.42828956637154025,-0.8466039200386997,-0.3263444370031949,1.244094329477047,-0.3216337604513384,-0.5850486126764433,1.0408329997330663,-0.6004533434723092,2.048122358357819,-0.5252780838667739,-0.3379439718854365,-0.49217479094801325,-0.6449257349027273,2.7405543778353203,-0.5869734364739604,-0.15171652122725207,-0.1904453466268301,-0.5658020972047736,-0.34931309071321465,-0.5272146351966106,-1.5646967316604727,1.5646967316604727,-1.4661535728608373,1.4661535728608373
-0.21145704969006968,-0.35821494957283445,-0.7852119690181002,1.248284615170379,-0.3559733349722604,-0.20742413513940744,0.3382672899179297,0.26542248816482317,1.6287934296680107,1.47060962562524,1.2062702015977722,1.3785517243298042,0.4568958851669038,-0.47764069333284487,-0.887077899282369,0.948608383392306,0.9321114870043176,1.1406965004298797,1.2143075666930414,0.46175122943536656,-0.013816157114303442,-0.4436488694347794,0.6211212380343357,-0.06301518031571494,-0.3382672899179479,-0.7037947874229662,-0.6800903262946482,1.3553152521181606,-0.7217427156047488,-0.7459358105514408,1.5275252316519468,0.9369814684936247,-0.9369814684936247,-0.42008402520840293,-0.3648896763690086,-0.4404881959216032,-0.45457287727508316,2.5587437955607735,-0.41181384541422816,-0.37145670723316654,-0.4445276036638913,-0.45457287727508316,2.1164716050054913,-0.46852128566581813,-0.41388775612546336,-0.42828956637154025,1.1811899004132755,-0.3263444370031949,-0.803797570896693,-0.3216337604513384,-0.5850486126764433,-0.9607689228305227,1.6654083300081026,-0.4882520792370033,-0.5252780838667739,-0.3379439718854365,-0.49217479094801325,1.5505661285959187,-0.3648896763690086,1.7036546083024704,-0.15171652122725207,-0.1904453466268301,-0.5658020972047736,-0.34931309071321465,-0.5272146351966106,0.639101481945827,-0.6391014819458268,-1.4661535728608373,1.4661535728608373
0.5225220309046147,1.292357487624741,-0.7852119690181002,-0.7963211283210021,0.678731065137627,-0.20742413513940744,0.0008435593264787592,1.2961894324942331,-0.6139513960366512,0.7703141171764021,0.5473312044805186,-1.0417292840034291,-0.6649450036731379,-0.47764069333284487,-0.887077899282369,0.948608383392306,0.06250310262711171,-0.8217921024602357,0.006041331177577327,-1.3490379056052866,0.3521013266513547,-0.2434209840928155,-0.23615507110052011,0.6158420371354772,-0.0008435593264970404,-0.7037947874229662,-0.6800903262946482,1.3553152521181606,-0.7217427156047488,-0.7459358105514408,1.5275252316519468,-1.0672569667868559,1.0672569667868559,-0.42008402520840293,-0.3648896763690086,-0.4404881959216032,-0.45457287727508316,-0.39081677569083867,-0.41181384541422816,2.6921037647929493,-0.4445276036638913,-0.45457287727508316,-0.4724844867443451,-0.46852128566581813,2.4161139951597566,-0.42828956637154025,-0.8466039200386997,-0.3263444370031949,1.244094329477047,-0.3216337604513384,-0.5850486126764433,-0.9607689228305227,1.6654083300081026,-0.4882520792370033,-0.5252780838667739,-0.3379439718854365,2.031798495964875,-0.6449257349027273,-0.3648896763690086,-0.5869734364739604,-0.15171652122725207,-0.1904453466268301,1.7674024273509938,-0.34931309071321465,-0.5272146351966106,0.639101481945827,-0.6391014819458268,-1.4661535728608373,1.4661535728608373
-0.4427201526897035,0.9255636126919463,-0.5634952752427469,-0.5691427123775156,0.13951369330385688,-0.20742413513940744,1.0131147511008316,-0.7653444561645869,-0.6139513960366512,0.2538461796953842,-0.0017846264505258322,1.3785517243298042,1.1010643748805533,-0.47764069333284487,-0.887077899282369,0.948608383392306,1.2219809484633861,1.1406965004298797,0.006041331177577327,-1.3490379056052866,-0.12211294776413964,-0.3930862721262026,-0.38755947891908654,0.027671852549902325,-1.0131147511008496,-0.7037947874229662,-0.6800903262946482,1.3553152521181606,-0.7217427156047488,-0.7459358105514408,1.5275252316519468,-1.0672569667868559,1.0672569667868559,-0.42008402520840293,-0.3648896763690086,-0.4404881959216032,2.199867281995475,-0.39081677569083867,-0.41181384541422816,-0.37145670723316654,-0.4445276036638913,-0.45457287727508316,-0.4724844867443451,-0.46852128566581813,2.4161139951597566,-0.42828956637154025,1.1811899004132755,-0.3263444370031949,-0.803797570896693,-0.3216337604513384,-0.5850486126764433,1.0408329997330663,-0.6004533434723092,-0.4882520792370033,1.9037535178292901,-0.3379439718854365,-0.49217479094801325,-0.6449257349027273,-0.3648896763690086,-0.5869734364739604,-0.15171652122725207,-0.1904453466268301,1.7674024273509938,-0.34931309071321465,-0.5272146351966106,0.639101481945827,-0.6391014819458268,-1.4661535728608373,1.4661535728608373
0.00318083553250113,1.292357487624741,1.2102382749600813,-2.8409268718123832,-0.18253434526902715,-0.20742413513940744,1.6879622122837334,-0.7653444561645869,-0.6139513960366512,0.6127476277754136,0.6571543706667275,-0.2349689478923514,0.3946357856534197,-0.47764069333284487,1.0901001030196622,-0.7660541032983467,0.207437833356646,-0.8217921024602357,-1.202224904337887,-1.3490379056052866,0.2338249682624551,0.8750236683729017,-1.498540471425594,0.4831798633434885,-1.6879622122837514,-0.7037947874229662,1.4703929189058207,-0.7378357164040952,-0.7217427156047488,1.3405979252567854,-0.6546536707079772,0.9369814684936247,-0.9369814684936247,-0.42008402520840293,-0.3648896763690086,-0.4404881959216032,2.199867281995475,-0.39081677569083867,-0.41181384541422816,-0.37145670723316654,-0.4445276036638913,-0.45457287727508316,-0.4724844867443451,-0.46852128566581813,2.4161139951597566,-0.42828956637154025,-0.8466039200386997,-0.3263444370031949,1.244094329477047,-0.3216337604513384,-0.5850486126764433,-0.9607689228305227,1.6654083300081026,2.048122358357819,-0.5252780838667739,-0.3379439718854365,-0.49217479094801325,-0.6449257349027273,-0.3648896763690086,1.7036546083024704,-0.15171652122725207,-0.1904453466268301,-0.5658020972047736,-0.34931309071321465,-0.5272146351966106,-1.5646967316604727,1.5646967316604727,0.6820567903052247,-0.6820567903052247
1.0508484264595654,0.09194116966286865,-0.9666165366524804,0.8765381163537641,-0.04986093006869057,-0.20742413513940744,0.5069791552136551,1.2961894324942331,-0.6139513960366512,0.27135356740660516,0.3276848721081009,-1.0417292840034291,-0.021024892016058814,1.2955034118470896,0.500922745843737,0.948608383392306,1.5118504099224548,-0.8217921024602357,1.2143075666930414,0.46175122943536656,1.2875933987835575,0.10849469317487852,1.7382402470740284,1.3371926071294158,-0.5069791552136733,-0.7037947874229662,-0.6800903262946482,1.3553152521181606,1.385535286160941,-0.7459358105514408,-0.6546536707079772,0.9369814684936247,-0.9369814684936247,-0.42008402520840293,-0.3648896763690086,-0.4404881959216032,-0.45457287727508316,-0.39081677569083867,2.428281640201139,-0.37145670723316654,-0.4445276036638913,-0.45457287727508316,2.1164716050054913,-0.46852128566581813,-0.41388775612546336,-0.42828956637154025,-0.8466039200386997,-0.3263444370031949,1.244094329477047,-0.3216337604513384,1.7092596723292166,-0.9607689228305227,-0.6004533434723092,-0.4882520792370033,-0.5252780838667739,-0.3379439718854365,-0.49217479094801325,1.5505661285959187,-0.3648896763690086,1.7036546083024704,-0.15171652122725207,-0.1904453466268301,-0.5658020972047736,-0.34931309071321465,-0.5272146351966106,-1.5646967316604727,1.5646967316604727,0.6820567903052247,-0.6820567903052247
1.2145172387479328,-0.9084057619720256,0.5450881936340205,0.5667493673399182,-0.20810547836629872,-0.20742413513940744,0.16955542462220421,1.2961894324942331,-0.6139513960366512,0.43767375066320413,0.6571543706667275,-1.0417292840034291,-0.7226101091400812,-0.47764069333284487,1.2744439387004731,0.948608383392306,1.0770462177338518,1.1406965004298797,-1.202224904337887,-1.3490379056052866,1.0166666153489843,1.1945792833631066,1.2185548472643546,0.8106896048924607,-0.16955542462222248,1.4208687217784413,-0.6800903262946482,-0.7378357164040952,-0.7217427156047488,1.3405979252567854,-0.6546536707079772,-1.0672569667868559,1.0672569667868559,-0.42008402520840293,-0.3648896763690086,-0.4404881959216032,2.199867281995475,-0.39081677569083867,-0.41181384541422816,-0.37145670723316654,2.249579085208177,-0.45457287727508316,-0.4724844867443451,-0.46852128566581813,-0.41388775612546336,-0.42828956637154025,1.1811899004132755,-0.3263444370031949,-0.803797570896693,-0.3216337604513384,-0.5850486126764433,1.0408329997330663,-0.6004533434723092,-0.4882520792370033,-0.5252780838667739,-0.3379439718854365,-0.49217479094801325,1.5505661285959187,2.7405543778353203,-0.5869734364739604,-0.15171652122725207,-0.1904453466268301,-0.5658020972047736,-0.34931309071321465,-0.5272146351966106,-1.5646967316604727,1.5646967316604727,0.6820567903052247,-0.6820567903052247
0.7167296390236588,-0.35821494957283445,-0.7852119690181002,1.248284615170379,-1.67974271792087,-0.20742413513940744,1.5192503469880079,0.26542248816482317,1.6287934296680107,0.03500383330512239,0.21786170592189197,-0.2349689478923514,-0.5113231756847465,-0.47764069333284487,-0.887077899282369,0.948608383392306,0.9321114870043176,-0.8217921024602357,1.2143075666930414,0.46175122943536656,0.6330076778249912,-0.08971068827474227,1.3372231669059336,0.5717940497436059,-1.519250346988026,-0.7037947874229662,1.4703929189058207,-0.7378357164040952,1.385535286160941,-0.7459358105514408,-0.6546536707079772,0.9369814684936247,-0.9369814684936247,-0.42008402520840293,2.7405543778353203,-0.4404881959216032,-0.45457287727508316,-0.39081677569083867,-0.41181384541422816,-0.37145670723316654,2.249579085208177,-0.45457287727508316,-0.4724844867443451,-0.46852128566581813,-0.41388775612546336,-0.42828956637154025,-0.8466039200386997,-0.3263444370031949,1.244094329477047,-0.3216337604513384,-0.5850486126764433,1.0408329997330663,-0.6004533434723092,2.048122358357819,-0.5252780838667739,-0.3379439718854365,-0.49217479094801325,-0.6449257349027273,-0.3648896763690086,-0.5869734364739604,-0.15171652122725207,-0.1904453466268301,1.7674024273509938,-0.34931309071321465,-0.5272146351966106,0.639101481945827,-0.6391014819458268,0.6820567903052247,-0.6820567903052247
-0.06896697834847511,0.09194116966286865,-0.9666165366524804,0.8765381163537641,-1.7201376962919221,-0.20742413513940744,-1.011427632447874,-0.7653444561645869,-0.6139513960366512,-0.2276069823631918,-0.11160779263673473,-1.0417292840034291,0.5089310880182674,-0.47764069333284487,-0.887077899282369,0.948608383392306,-0.22736635883195688,1.1406965004298797,-1.202224904337887,1.367145796955693,0.18577519766696463,-0.43960386165009324,0.6293052600785826,0.21370982282851148,1.0114276324478555,1.4208687217784413,-0.6800903262946482,-0.7378357164040952,-0.7217427156047488,1.3405979252567854,-0.6546536707079772,0.9369814684936247,-0.9369814684936247,-0.42008402520840293,2.7405543778353203,-0.4404881959216032,-0.45457287727508316,-0.39081677569083867,-0.41181384541422816,-0.37145670723316654,-0.4445276036638913,-0.45457287727508316,-0.4724844867443451,-0.46852128566581813,-0.41388775612546336,2.3348689263480744,1.1811899004132755,-0.3263444370031949,-0.803797570896693,-0.3216337604513384,-0.5850486126764433,1.0408329997330663,-0.6004533434723092,-0.4882520792370033,-0.5252780838667739,-0.3379439718854365,2.031798495964875,-0.6449257349027273,-0.3648896763690086,1.7036546083024704,-0.15171652122725207,-0.1904453466268301,-0.5658020972047736,-0.34931309071321465,-0.5272146351966106,0.639101481945827,-0.6391014819458268,0.6820567903052247,-0.6820567903052247
0.5964789062908242,0.9255636126919463,-0.5634952752427469,-0.5691427123775156,0.44117894462529256,-0.20742413513940744,1.6879622122837334,1.2961894324942331,-0.6139513960366512,0.157555547283669,0.21786170592189197,1.3785517243298042,-0.83897522864301,-0.47764069333284487,0.4792352357636416,-0.8519662111909889,-0.6621705510205598,-0.8217921024602357,-1.202224904337887,0.46175122943536656,0.33694716823277693,-0.11398073498285909,-0.10521071839257078,0.5282642739681097,-1.6879622122837514,-0.7037947874229662,-0.6800903262946482,1.3553152521181606,1.385535286160941,-0.7459358105514408,-0.6546536707079772,0.9369814684936247,-0.9369814684936247,-0.42008402520840293,-0.3648896763690086,-0.4404881959216032,-0.45457287727508316,2.5587437955607735,-0.41181384541422816,-0.37145670723316654,-0.4445276036638913,2.199867281995475,-0.4724844867443451,-0.46852128566581813,-0.41388775612546336,-0.42828956637154025,-0.8466039200386997,-0.3263444370031949,1.244094329477047,-0.3216337604513384,1.7092596723292166,-0.9607689228305227,-0.6004533434723092,-0.4882520792370033,-0.5252780838667739,-0.3379439718854365,2.031798495964875,-0.6449257349027273,-0.3648896763690086,-0.5869734364739604,-0.15171652122725207,-0.1904453466268301,-0.5658020972047736,-0.34931309071321465,1.8967606990406793,0.639101481945827,-0.6391014819458268,0.6820567903052247,-0.6820567903052247
-0.7109875994289001,0.09194116966286865,-0.9666165366524804,0.8765381163537641,0.9322188193192756,-0.20742413513940744,-0.1678683059692467,1.2961894324942331,-0.6139513960366512,-0.24511437007441275,-0.3312541250091525,-1.0417292840034291,2.515370425331476,1.7387894381420732,0.2985059850961798,-0.8627052246775693,0.7871767562747832,-0.8217921024602357,1.2143075666930414,-0.44364333808496004,-0.1801422860986935,-0.6216292119609694,0.26102426808747503,-0.15940254096145673,0.1678683059692284,-0.7037947874229662,-0.6800903262946482,1.3553152521181606,-0.7217427156047488,1.3405979252567854,-0.6546536707079772,-1.0672569667868559,1.0672569667868559,-0.42008402520840293,2.7405543778353203,-0.4404881959216032,-0.45457287727508316,-0.39081677569083867,-0.41181384541422816,-0.37145670723316654,-0.4445276036638913,-0.45457287727508316,-0.4724844867443451,-0.46852128566581813,2.4161139951597566,-0.42828956637154025,-0.8466039200386997,-0.3263444370031949,1.244094329477047,-0.3216337604513384,-0.5850486126764433,1.0408329997330663,-0.6004533434723092,-0.4882520792370033,-0.5252780838667739,-0.3379439718854365,-0.49217479094801325,1.5505661285959187,-0.3648896763690086,-0.5869734364739604,-0.15171652122725207,-0.1904453466268301,-0.5658020972047736,-0.34931309071321465,1.8967606990406793,0.639101481945827,-0.6391014819458268,-1.4661535728608373,1.4661535728608373
-1.6563378989902877,0.4670712690259533,-0.2863494080235549,-0.285169692448157,0.8614349581369731,-0.20742413513940744,-1.5175632283350504,-0.7653444561645869,-0.6139513960366512,-0.9629172662344715,-0.7705467897539882,-0.2349689478923514,0.6480227996973275,-0.47764069333284487,-0.887077899282369,0.948608383392306,1.0770462177338518,-0.8217921024602357,0.006041331177577327,1.367145796955693,-1.839707439742941,-1.4306307688981972,-1.4371603060937428,-1.8487724103438128,1.517563228335032,-0.7037947874229662,1.4703929189058207,-0.7378357164040952,-0.7217427156047488,-0.7459358105514408,1.5275252316519468,0.9369814684936247,-0.9369814684936247,-0.42008402520840293,-0.3648896763690086,-0.4404881959216032,-0.45457287727508316,-0.39081677569083867,2.428281640201139,-0.37145670723316654,-0.4445276036638913,-0.45457287727508316,-0.4724844867443451,2.1343747458109497,-0.41388775612546336,-0.42828956637154025,-0.8466039200386997,3.064247116276752,-0.803797570896693,-0.3216337604513384,-0.5850486126764433,1.0408329997330663,-0.6004533434723092,-0.4882520792370033,-0.5252780838667739,2.9590703879724805,-0.49217479094801325,-0.6449257349027273,-0.3648896763690086,-0.5869734364739604,-0.15171652122725207,-0.1904453466268301,-0.5658020972047736,2.862761306649679,-0.5272146351966106,0.639101481945827,-0.6391014819458268,0.6820567903052247,-0.6820567903052247
2.4038872795368054,-1.408579227789472,0.8474291396913209,0.8765381163537641,0.3426003735546514,-0.20742413513940744,1.0131147511008316,0.26542248816482317,1.6287934296680107,0.989156463566664,0.7669775368529365,-0.2349689478923514,-1.0159445939489575,-0.47764069333284487,0.6924957515512464,0.948608383392306,0.9321114870043176,-0.8217921024602357,1.2143075666930414,-0.44364333808496004,1.9381133699225053,2.3554965175680285,2.392962010613775,1.5076842289167762,-1.0131147511008496,-0.7037947874229662,1.4703929189058207,-0.7378357164040952,-0.7217427156047488,1.3405979252567854,-0.6546536707079772,-1.0672569667868559,1.0672569667868559,-0.42008402520840293,-0.3648896763690086,-0.4404881959216032,-0.45457287727508316,2.5587437955607735,-0.41181384541422816,-0.37145670723316654,-0.4445276036638913,-0.45457287727508316,2.1164716050054913,-0.46852128566581813,-0.41388775612546336,-0.42828956637154025,-0.8466039200386997,-0.3263444370031949,1.244094329477047,-0.3216337604513384,1.7092596723292166,-0.9607689228305227,-0.6004533434723092,-0.4882520792370033,1.9037535178292901,-0.3379439718854365,-0.49217479094801325,-0.6449257349027273,-0.3648896763690086,-0.5869734364739604,-0.15171652122725207,-0.1904453466268301,-0.5658020972047736,-0.34931309071321465,1.8967606990406793,0.639101481945827,-0.6391014819458268,0.6820567903052247,-0.6820567903052247
-0.10554415332669878,-1.408579227789472,0.8474291396913209,0.8765381163537641,1.5214666689520553,4.8210397470280455,-0.5052920365606977,1.2961894324942331,-0.6139513960366512,-1.6457053869720883,-0.44107729119536143,-0.2349689478923514,0.4132641398961511,-0.47764069333284487,1.256371013633727,-0.17540836153643077,-1.6767136661272999,-0.8217921024602357,1.2143075666930414,-0.44364333808496004,0.10446020127459615,0.53119800667458,0.5474650396361141,-0.1283098439789594,0.5052920365606793,1.4208687217784413,-0.6800903262946482,-0.7378357164040952,-0.7217427156047488,1.3405979252567854,-0.6546536707079772,-1.0672569667868559,1.0672569667868559,-0.42008402520840293,-0.3648896763690086,-0.4404881959216032,2.199867281995475,-0.39081677569083867,-0.41181384541422816,-0.37145670723316654,-0.4445276036638913,-0.45457287727508316,-0.4724844867443451,2.1343747458109497,-0.41388775612546336,-0.42828956637154025,-0.8466039200386997,-0.3263444370031949,1.244094329477047,-0.3216337604513384,-0.5850486126764433,1.0408329997330663,-0.6004533434723092,-0.4882520792370033,-0.5252780838667739,-0.3379439718854365,2.031798495964875,-0.6449257349027273,-0.3648896763690086,-0.5869734364739604,-0.15171652122725207,-0.1904453466268301,1.7674024273509938,-0.34931309071321465,-0.5272146351966106,0.639101481945827,-0.6391014819458268,0.6820567903052247,-0.6820567903052247
0.28238181331416085,0.9255636126919463,-0.5634952752427469,-0.5691427123775156,-0.8514603632483777,-0.20742413513940744,-0.1678683059692467,0.26542248816482317,1.6287934296680107,-0.33265130863051745,-0.22143095882294364,1.3785517243298042,0.32736672866577887,3.068647517027024,0.10693297938867041,0.948608383392306,-0.22736635883195688,1.1406965004298797,1.2143075666930414,0.46175122943536656,0.553171135912484,0.017482018019440403,0.027779639826440272,0.7640505594187146,0.1678683059692284,1.4208687217784413,-0.6800903262946482,-0.7378357164040952,1.385535286160941,-0.7459358105514408,-0.6546536707079772,-1.0672569667868559,1.0672569667868559,-0.42008402520840293,-0.3648896763690086,-0.4404881959216032,2.199867281995475,-0.39081677569083867,-0.41181384541422816,-0.37145670723316654,2.249579085208177,-0.45457287727508316,-0.4724844867443451,-0.46852128566581813,-0.41388775612546336,-0.42828956637154025,1.1811899004132755,-0.3263444370031949,-0.803797570896693,-0.3216337604513384,-0.5850486126764433,-0.9607689228305227,1.6654083300081026,-0.4882520792370033,-0.5252780838667739,-0.3379439718854365,-0.49217479094801325,1.5505661285959187,-0.3648896763690086,-0.5869734364739604,-0.15171652122725207,-0.1904453466268301,-0.5658020972047736,-0.34931309071321465,1.8967606990406793,0.639101481945827,-0.6391014819458268,0.6820567903052247,-0.6820567903052247
-1.6575527350971377,0.9255636126919463,-0.5634952752427469,-0.5691427123775156,0.9744667783495504,-0.20742413513940744,1.3505384816922825,-0.7653444561645869,-0.6139513960366512,0.7090382601871288,0.4375080382943098,1.3785517243298042,1.0530446172770678,-0.47764069333284487,0.8334645670718666,0.948608383392306,-0.6621705510205598,-0.8217921024602357,0.006041331177577327,-0.44364333808496004,-1.8352720763033572,-1.4346757766828833,-1.4412523171158662,-1.8404810244818135,-1.3505384816923005,-0.7037947874229662,-0.6800903262946482,1.3553152521181606,1.385535286160941,-0.7459358105514408,-0.6546536707079772,0.9369814684936247,-0.9369814684936247,-0.42008402520840293,2.7405543778353203,-0.4404881959216032,-0.45457287727508316,-0.39081677569083867,-0.41181384541422816,-0.37145670723316654,-0.4445276036638913,-0.45457287727508316,2.1164716050054913,-0.46852128566581813,-0.41388775612546336,-0.42828956637154025,-0.8466039200386997,-0.3263444370031949,-0.803797570896693,3.1091263510296048,-0.5850486126764433,1.0408329997330663,-0.6004533434723092,-0.4882520792370033,-0.5252780838667739,-0.3379439718854365,-0.49217479094801325,1.5505661285959187,-0.3648896763690086,-0.5869734364739604,-0.15171652122725207,-0.1904453466268301,1.7674024273509938,-0.34931309071321465,-0.5272146351966106,0.639101481945827,-0.6391014819458268,0.6820567903052247,-0.6820567903052247
1.1393884590506498,0.4670712690259533,0.5450881936340205,-1.1370887522362325,0.23846286050634252,-0.20742413513940744,0.6756910205093806,-0.7653444561645869,-0.6139513960366512,1.1642303406788734,1.5357397001563988,-1.0417292840034291,-0.21666400790749926,-0.47764069333284487,-0.887077899282369,-0.2899578387266205,-0.5172358202910254,-0.8217921024602357,-1.202224904337887,-0.44364333808496004,1.2650469679656735,1.4210997193055304,-0.025416503461164145,1.4159607728184092,-0.6756910205093988,-0.7037947874229662,-0.6800903262946482,1.3553152521181606,1.385535286160941,-0.7459358105514408,-0.6546536707079772,-1.0672569667868559,1.0672569667868559,2.3804761428476167,-0.3648896763690086,-0.4404881959216032,-0.45457287727508316,-0.39081677569083867,-0.41181384541422816,-0.37145670723316654,-0.4445276036638913,-0.45457287727508316,-0.4724844867443451,-0.46852128566581813,-0.41388775612546336,2.3348689263480744,-0.8466039200386997,-0.3263444370031949,1.244094329477047,-0.3216337604513384,-0.5850486126764433,1.0408329997330663,-0.6004533434723092,-0.4882520792370033,1.9037535178292901,-0.3379439718854365,-0.49217479094801325,-0.6449257349027273,-0.3648896763690086,-0.5869734364739604,-0.15171652122725207,-0.1904453466268301,1.7674024273509938,-0.34931309071321465,-0.5272146351966106,-1.5646967316604727,1.5646967316604727,0.6820567903052247,-0.6820567903052247
-1.5458784122015268,1.292357487624741,-0.7852119690181002,-0.7963211283210021,0.1921383440257781,-0.20742413513940744,-0.3365801712649722,-1.7961114004939969,-0.6139513960366512,0.026250139449511916,0.3276848721081009,1.3785517243298042,0.2673420316614224,-0.47764069333284487,1.1081730280864084,0.948608383392306,-0.37230108956149116,-0.8217921024602357,-1.202224904337887,-0.44364333808496004,-1.7103426727550821,-1.3719781560202482,-1.3778261462729533,-1.6974546183623258,0.3365801712649538,1.4208687217784413,-0.6800903262946482,-0.7378357164040952,-0.7217427156047488,1.3405979252567854,-0.6546536707079772,-1.0672569667868559,1.0672569667868559,-0.42008402520840293,-0.3648896763690086,-0.4404881959216032,-0.45457287727508316,-0.39081677569083867,-0.41181384541422816,2.6921037647929493,-0.4445276036638913,-0.45457287727508316,-0.4724844867443451,2.1343747458109497,-0.41388775612546336,-0.42828956637154025,-0.8466039200386997,3.064247116276752,-0.803797570896693,-0.3216337604513384,-0.5850486126764433,1.0408329997330663,-0.6004533434723092,-0.4882520792370033,-0.5252780838667739,2.9590703879724805,-0.49217479094801325,-0.6449257349027273,-0.3648896763690086,-0.5869734364739604,-0.15171652122725207,-0.1904453466268301,-0.5658020972047736,-0.34931309071321465,1.8967606990406793,0.639101481945827,-0.6391014819458268,0.6820567903052247,-0.6820567903052247
0.31005341413325016,0.09194116966286865,-0.9666165366524804,0.8765381163537641,-1.7205082924237667,-0.20742413513940744,0.16955542462220421,0.26542248816482317,1.6287934296680107,1.085447095978379,0.9866238692253543,-0.2349689478923514,0.6156094633149752,-0.47764069333284487,1.039495912832773,0.948608383392306,-0.9520400124796283,-0.8217921024602357,0.006041331177577327,0.46175122943536656,0.7183884240369781,-0.17465585175315115,1.1653587039767501,0.7567955967894652,-0.16955542462222248,-0.7037947874229662,-0.6800903262946482,1.3553152521181606,-0.7217427156047488,1.3405979252567854,-0.6546536707079772,-1.0672569667868559,1.0672569667868559,-0.42008402520840293,-0.3648896763690086,-0.4404881959216032,-0.45457287727508316,2.5587437955607735,-0.41181384541422816,-0.37145670723316654,2.249579085208177,-0.45457287727508316,-0.4724844867443451,-0.46852128566581813,-0.41388775612546336,-0.42828956637154025,-0.8466039200386997,-0.3263444370031949,1.244094329477047,-0.3216337604513384,-0.5850486126764433,-0.9607689228305227,1.6654083300081026,-0.4882520792370033,-0.5252780838667739,-0.3379439718854365,-0.49217479094801325,1.5505661285959187,-0.3648896763690086,-0.5869734364739604,-0.15171652122725207,-0.1904453466268301,1.7674024273509938,-0.34931309071321465,-0.5272146351966106,-1.5646967316604727,1.5646967316604727,-1.4661535728608373,1.4661535728608373
0.3316481809082482,-2.2838827929700027,2.2079633969491717,0.5667493673399182,-0.12546254096497175,-0.20742413513940744,0.16955542462220421,0.26542248816482317,1.6287934296680107,-0.23636067621880227,-0.6607236235677793,-0.2349689478923514,1.454961709149687,-0.47764069333284487,-0.887077899282369,0.47609178998277335,1.5118504099224548,-0.8217921024602357,0.006041331177577327,1.367145796955693,1.1319860647781614,2.695277171481664,1.3249471338395633,0.5609116057997319,-0.16955542462222248,1.4208687217784413,-0.6800903262946482,-0.7378357164040952,1.385535286160941,-0.7459358105514408,-0.6546536707079772,-1.0672569667868559,1.0672569667868559,-0.42008402520840293,2.7405543778353203,-0.4404881959216032,-0.45457287727508316,-0.39081677569083867,-0.41181384541422816,-0.37145670723316654,-0.4445276036638913,-0.45457287727508316,-0.4724844867443451,-0.46852128566581813,-0.41388775612546336,2.3348689263480744,-0.8466039200386997,-0.3263444370031949,1.244094329477047,-0.3216337604513384,-0.5850486126764433,-0.9607689228305227,1.6654083300081026,2.048122358357819,-0.5252780838667739,-0.3379439718854365,-0.49217479094801325,-0.6449257349027273,-0.3648896763690086,-0.5869734364739604,-0.15171652122725207,-0.1904453466268301,1.7674024273509938,-0.34931309071321465,-0.5272146351966106,0.639101481945827,-0.6391014819458268,0.6820567903052247,-0.6820567903052247
-0.1650525408674177,1.292357487624741,-0.7852119690181002,-0.7963211283210021,-1.111248251671383,-0.20742413513940744,0.0008435593264787592,-0.7653444561645869,-0.6139513960366512,1.750727829004775,1.8652091987150254,-0.2349689478923514,0.4262211951805402,1.2955034118470896,-0.887077899282369,-1.3316421469249085,1.6567851406519891,-0.8217921024602357,1.2143075666930414,-1.3490379056052866,0.034233613481187024,-0.41735631883431945,-0.412111545051827,0.25931244506950757,-0.0008435593264970404,-0.7037947874229662,1.4703929189058207,-0.7378357164040952,-0.7217427156047488,1.3405979252567854,-0.6546536707079772,0.9369814684936247,-0.9369814684936247,-0.42008402520840293,-0.3648896763690086,-0.4404881959216032,-0.45457287727508316,-0.39081677569083867,2.428281640201139,-0.37145670723316654,-0.4445276036638913,2.199867281995475,-0.4724844867443451,-0.46852128566581813,-0.41388775612546336,-0.42828956637154025,-0.8466039200386997,-0.3263444370031949,1.244094329477047,-0.3216337604513384,1.7092596723292166,-0.9607689228305227,-0.6004533434723092,2.048122358357819,-0.5252780838667739,-0.3379439718854365,-0.49217479094801325,-0.6449257349027273,-0.3648896763690086,-0.5869734364739604,-0.15171652122725207,-0.1904453466268301,-0.5658020972047736,2.862761306649679,-0.5272146351966106,0.639101481945827,-0.6391014819458268,-1.4661535728608373,1.4661535728608373
